layer,replicate,n_train,n_oob,update_mse,update_r2
0,0,14353,5276,0.017292223870754242,0.7695973515510559
1,0,14353,5276,0.02247457206249237,0.33357933163642883
2,0,14353,5276,0.03634226322174072,0.43486571311950684
3,0,14353,5276,0.06380357593297958,0.5226340293884277
4,0,14353,5276,0.03204352781176567,0.5167996883392334
5,0,14353,5276,0.030781105160713196,0.5844162106513977
6,0,14353,5276,0.03198014199733734,0.6265043616294861
7,0,14353,5276,0.03994882479310036,0.6791922450065613
8,0,14353,5276,0.04732416197657585,0.6757375597953796
9,0,14353,5276,0.06062822416424751,0.6748132705688477
10,0,14353,5276,0.0817791149020195,0.57970130443573
11,0,14353,5276,0.4201339781284332,0.5468966960906982
0,1,14353,5305,0.017619168385863304,0.7679443359375
1,1,14353,5305,0.02288813889026642,0.3414839506149292
2,1,14353,5305,0.03682802990078926,0.436708003282547
3,1,14353,5305,0.06259807199239731,0.5201805233955383
4,1,14353,5305,0.03228968009352684,0.5167794823646545
5,1,14353,5305,0.030523056164383888,0.5863057971000671
6,1,14353,5305,0.031873222440481186,0.6261270642280579
7,1,14353,5305,0.039527397602796555,0.6779585480690002
8,1,14353,5305,0.0472479946911335,0.6683802604675293
9,1,14353,5305,0.060520898550748825,0.6719977855682373
10,1,14353,5305,0.08129473775625229,0.5798999667167664
11,1,14353,5305,0.4233245849609375,0.5603508949279785
0,2,14353,5271,0.017414527013897896,0.7691827416419983
1,2,14353,5271,0.02241208218038082,0.34507957100868225
2,2,14353,5271,0.03637704253196716,0.4459402561187744
3,2,14353,5271,0.06378445774316788,0.5359116196632385
4,2,14353,5271,0.03210871294140816,0.518371045589447
5,2,14353,5271,0.03043607622385025,0.5872410535812378
6,2,14353,5271,0.03182150050997734,0.6267935633659363
7,2,14353,5271,0.03940856084227562,0.6785659193992615
8,2,14353,5271,0.046705231070518494,0.6722881197929382
9,2,14353,5271,0.05983583256602287,0.6740257143974304
10,2,14353,5271,0.08068186789751053,0.5821045637130737
11,2,14353,5271,0.4104691743850708,0.5587310194969177
0,3,14353,5295,0.01745492033660412,0.7689539790153503
1,3,14353,5295,0.022936997935175896,0.3415951728820801
2,3,14353,5295,0.036418844014406204,0.44194984436035156
3,3,14353,5295,0.06678295135498047,0.5211573243141174
4,3,14353,5295,0.03206120803952217,0.5162957310676575
5,3,14353,5295,0.030573761090636253,0.5869904160499573
6,3,14353,5295,0.03175419941544533,0.6263729929924011
7,3,14353,5295,0.039834149181842804,0.6801185607910156
8,3,14353,5295,0.04703298211097717,0.6708210110664368
9,3,14353,5295,0.06023666262626648,0.6728182435035706
10,3,14353,5295,0.0812065377831459,0.5799199938774109
11,3,14353,5295,0.4321277141571045,0.5618200302124023
0,4,14353,5247,0.017519749701023102,0.7683975100517273
1,4,14353,5247,0.022462328895926476,0.34835365414619446
2,4,14353,5247,0.036429714411497116,0.44592270255088806
3,4,14353,5247,0.06268209964036942,0.5285766124725342
4,4,14353,5247,0.03192849084734917,0.5212053656578064
5,4,14353,5247,0.030361486598849297,0.5891633629798889
6,4,14353,5247,0.03178105130791664,0.627029299736023
7,4,14353,5247,0.03957303240895271,0.679537296295166
8,4,14353,5247,0.04700133576989174,0.6721951365470886
9,4,14353,5247,0.05989686772227287,0.6745350956916809
10,4,14353,5247,0.08039643615484238,0.5817742943763733
11,4,14353,5247,0.4151371717453003,0.5608273148536682
0,5,14353,5260,0.017480140551924706,0.7674539685249329
1,5,14353,5260,0.022453032433986664,0.34405282139778137
2,5,14353,5260,0.0362691767513752,0.4440678656101227
3,5,14353,5260,0.06270343065261841,0.5291125774383545
4,5,14353,5260,0.03205959498882294,0.5175715088844299
5,5,14353,5260,0.030743882060050964,0.5855929851531982
6,5,14353,5260,0.03172783553600311,0.6259041428565979
7,5,14353,5260,0.03970525786280632,0.6795938611030579
8,5,14353,5260,0.04728442430496216,0.6722807884216309
9,5,14353,5260,0.06051197648048401,0.6723666787147522
10,5,14353,5260,0.08178027719259262,0.580914318561554
11,5,14353,5260,0.4358082711696625,0.5735539793968201
0,6,14353,5259,0.01759778894484043,0.7691728472709656
1,6,14353,5259,0.022578448057174683,0.34643983840942383
2,6,14353,5259,0.036110665649175644,0.4511427581310272
3,6,14353,5259,0.06362991034984589,0.5346428751945496
4,6,14353,5259,0.03205229714512825,0.5193803906440735
5,6,14353,5259,0.030577847734093666,0.587522566318512
6,6,14353,5259,0.031734928488731384,0.6281864047050476
7,6,14353,5259,0.039656609296798706,0.6781744956970215
8,6,14353,5259,0.04686098173260689,0.6740846037864685
9,6,14353,5259,0.05997470021247864,0.6762824058532715
10,6,14353,5259,0.08081471174955368,0.5848802328109741
11,6,14353,5259,0.4238535165786743,0.5681801438331604
0,7,14353,5246,0.017427371814846992,0.7694080471992493
1,7,14353,5246,0.022548019886016846,0.3436017334461212
2,7,14353,5246,0.03633411228656769,0.44494006037712097
3,7,14353,5246,0.06446647644042969,0.5296759009361267
4,7,14353,5246,0.031870510429143906,0.5197564959526062
5,7,14353,5246,0.030417760834097862,0.588069498538971
6,7,14353,5246,0.031707774847745895,0.6275105476379395
7,7,14353,5246,0.03966324403882027,0.6760799288749695
8,7,14353,5246,0.04703375697135925,0.6731829047203064
9,7,14353,5246,0.060408130288124084,0.6744804382324219
10,7,14353,5246,0.0812569111585617,0.5814438462257385
11,7,14353,5246,0.4493073523044586,0.5577935576438904
0,8,14353,5339,0.017396671697497368,0.7681323885917664
1,8,14353,5339,0.0225510373711586,0.3496151864528656
2,8,14353,5339,0.03608336299657822,0.4464571177959442
3,8,14353,5339,0.06267554312944412,0.5307435393333435
4,8,14353,5339,0.03203952684998512,0.5204399228096008
5,8,14353,5339,0.030484674498438835,0.5888359546661377
6,8,14353,5339,0.031781550496816635,0.6294463872909546
7,8,14353,5339,0.03951537609100342,0.6788070797920227
8,8,14353,5339,0.04693223163485527,0.6713297367095947
9,8,14353,5339,0.060234230011701584,0.6736540794372559
10,8,14353,5339,0.0810798853635788,0.5804011225700378
11,8,14353,5339,0.4192477762699127,0.561137855052948
0,9,14353,5267,0.01737993024289608,0.7699828743934631
1,9,14353,5267,0.022436916828155518,0.3463272154331207
2,9,14353,5267,0.03600989282131195,0.4469314515590668
3,9,14353,5267,0.06156317889690399,0.5300819277763367
4,9,14353,5267,0.032047439366579056,0.5183218121528625
5,9,14353,5267,0.030602185055613518,0.5871861577033997
6,9,14353,5267,0.03183761611580849,0.6304840445518494
7,9,14353,5267,0.03990628197789192,0.684154212474823
8,9,14353,5267,0.04735367000102997,0.6753763556480408
9,9,14353,5267,0.060295045375823975,0.6779138445854187
10,9,14353,5267,0.08083774149417877,0.5826407074928284
11,9,14353,5267,0.41987696290016174,0.5567728877067566
0,10,14353,5244,0.01746826432645321,0.7688024640083313
1,10,14353,5244,0.02255398780107498,0.34548449516296387
2,10,14353,5244,0.03631971776485443,0.44848212599754333
3,10,14353,5244,0.06481965631246567,0.5342385768890381
4,10,14353,5244,0.03210925683379173,0.5196534991264343
5,10,14353,5244,0.03050512634217739,0.5902962684631348
6,10,14353,5244,0.031775470823049545,0.6309613585472107
7,10,14353,5244,0.03979981690645218,0.6827201843261719
8,10,14353,5244,0.04666687175631523,0.6754312515258789
9,10,14353,5244,0.0599445216357708,0.6742062568664551
10,10,14353,5244,0.08044935017824173,0.5835696458816528
11,10,14353,5244,0.416909784078598,0.5605498552322388
0,11,14353,5299,0.017426101490855217,0.7687191963195801
1,11,14353,5299,0.022886402904987335,0.3424122631549835
2,11,14353,5299,0.03640490397810936,0.4375157356262207
3,11,14353,5299,0.06420672684907913,0.5182141661643982
4,11,14353,5299,0.0321839302778244,0.5183637142181396
5,11,14353,5299,0.03067387081682682,0.5866920948028564
6,11,14353,5299,0.03178824484348297,0.6266058087348938
7,11,14353,5299,0.039765048772096634,0.6807184219360352
8,11,14353,5299,0.04724897816777229,0.6734023690223694
9,11,14353,5299,0.06051822006702423,0.6731656193733215
10,11,14353,5299,0.08118937164545059,0.579569935798645
11,11,14353,5299,0.4143495261669159,0.5549911856651306
0,12,14353,5318,0.017632467672228813,0.7695350646972656
1,12,14353,5318,0.022677185013890266,0.33605751395225525
2,12,14353,5318,0.03639215975999832,0.43446460366249084
3,12,14353,5318,0.0650603398680687,0.5144492983818054
4,12,14353,5318,0.03224362060427666,0.5162212252616882
5,12,14353,5318,0.03064880520105362,0.5873849391937256
6,12,14353,5318,0.03189518675208092,0.6261137127876282
7,12,14353,5318,0.039872944355010986,0.6775991320610046
8,12,14353,5318,0.047104328870773315,0.670117199420929
9,12,14353,5318,0.06043156608939171,0.6714503765106201
10,12,14353,5318,0.08124087005853653,0.5783100724220276
11,12,14353,5318,0.4262721538543701,0.5564693808555603
0,13,14353,5277,0.017438484355807304,0.7698257565498352
1,13,14353,5277,0.022599780932068825,0.3403507173061371
2,13,14353,5277,0.036601778119802475,0.44488129019737244
3,13,14353,5277,0.06445548683404922,0.5327197313308716
4,13,14353,5277,0.03202684596180916,0.5183978080749512
5,13,14353,5277,0.03050319291651249,0.5880473256111145
6,13,14353,5277,0.03190752863883972,0.6273192167282104
7,13,14353,5277,0.039562877267599106,0.6794838905334473
8,13,14353,5277,0.04700001701712608,0.6716375350952148
9,13,14353,5277,0.06014165282249451,0.6749230027198792
10,13,14353,5277,0.08108074218034744,0.5821408629417419
11,13,14353,5277,0.42338451743125916,0.5583048462867737
0,14,14353,5287,0.017562618479132652,0.7685028910636902
1,14,14353,5287,0.022410569712519646,0.3415733873844147
2,14,14353,5287,0.03658375144004822,0.4415920674800873
3,14,14353,5287,0.06526778638362885,0.5240774154663086
4,14,14353,5287,0.03191913664340973,0.5183621048927307
5,14,14353,5287,0.030545547604560852,0.5846865773200989
6,14,14353,5287,0.03179900348186493,0.6260817050933838
7,14,14353,5287,0.03950595483183861,0.6772521138191223
8,14,14353,5287,0.04687676951289177,0.6721852421760559
9,14,14353,5287,0.06051960587501526,0.6705362796783447
10,14,14353,5287,0.08149216324090958,0.5787418484687805
11,14,14353,5287,0.4149808883666992,0.5583435297012329
0,15,14353,5264,0.017602480947971344,0.7682216763496399
1,15,14353,5264,0.023003041744232178,0.3479961156845093
2,15,14353,5264,0.03634118661284447,0.44950342178344727
3,15,14353,5264,0.06259234994649887,0.5315946936607361
4,15,14353,5264,0.031881533563137054,0.5189741253852844
5,15,14353,5264,0.03025534749031067,0.5882328152656555
6,15,14353,5264,0.031629424542188644,0.6281487345695496
7,15,14353,5264,0.039773933589458466,0.6806768774986267
8,15,14353,5264,0.046859417110681534,0.6738950610160828
9,15,14353,5264,0.06004201993346214,0.6755802035331726
10,15,14353,5264,0.08068964630365372,0.5834242105484009
11,15,14353,5264,0.43092048168182373,0.5588135123252869
0,16,14353,5261,0.01756317727267742,0.7692239880561829
1,16,14353,5261,0.02243657410144806,0.3415466547012329
2,16,14353,5261,0.03594179078936577,0.44037237763404846
3,16,14353,5261,0.06297633796930313,0.5198886394500732
4,16,14353,5261,0.031881511211395264,0.5171058177947998
5,16,14353,5261,0.03048115037381649,0.5877088904380798
6,16,14353,5261,0.03173839673399925,0.625246524810791
7,16,14353,5261,0.03965654969215393,0.6779057383537292
8,16,14353,5261,0.04713819921016693,0.6716852188110352
9,16,14353,5261,0.06060601770877838,0.6716351509094238
10,16,14353,5261,0.08160538971424103,0.5790867209434509
11,16,14353,5261,0.4315333068370819,0.5645248889923096
0,17,14353,5286,0.01727895997464657,0.7702280879020691
1,17,14353,5286,0.022187476977705956,0.3550119400024414
2,17,14353,5286,0.03558649495244026,0.4532190263271332
3,17,14353,5286,0.06286638230085373,0.535437285900116
4,17,14353,5286,0.031666405498981476,0.5212911367416382
5,17,14353,5286,0.03042721003293991,0.5895523428916931
6,17,14353,5286,0.03158017620444298,0.6319214701652527
7,17,14353,5286,0.039483442902565,0.6801419258117676
8,17,14353,5286,0.046763431280851364,0.6765044331550598
9,17,14353,5286,0.060127001255750656,0.6762245297431946
10,17,14353,5286,0.08092346042394638,0.5831395983695984
11,17,14353,5286,0.40408992767333984,0.561103105545044
0,18,14353,5264,0.01733204536139965,0.7686169743537903
1,18,14353,5264,0.022654935717582703,0.34786033630371094
2,18,14353,5264,0.03620145842432976,0.4475407898426056
3,18,14353,5264,0.06390087306499481,0.5261046290397644
4,18,14353,5264,0.03200361132621765,0.5197290182113647
5,18,14353,5264,0.030717015266418457,0.5868777632713318
6,18,14353,5264,0.031958501785993576,0.6267662048339844
7,18,14353,5264,0.03954162821173668,0.6816406846046448
8,18,14353,5264,0.046994131058454514,0.6743359565734863
9,18,14353,5264,0.06002850458025932,0.6751847863197327
10,18,14353,5264,0.08067014813423157,0.5815280079841614
11,18,14353,5264,0.42152324318885803,0.5637971758842468
0,19,14353,5306,0.01708248071372509,0.7711283564567566
1,19,14353,5306,0.022227438166737556,0.35402798652648926
2,19,14353,5306,0.03555011749267578,0.4485304653644562
3,19,14353,5306,0.06261524558067322,0.5272607803344727
4,19,14353,5306,0.03171020373702049,0.5192694067955017
5,19,14353,5306,0.030475080013275146,0.5890777111053467
6,19,14353,5306,0.03156156465411186,0.630603015422821
7,19,14353,5306,0.03942279890179634,0.6808061003684998
8,19,14353,5306,0.04684653878211975,0.6771677136421204
9,19,14353,5306,0.06020645424723625,0.6739386916160583
10,19,14353,5306,0.08115149289369583,0.5806682109832764
11,19,14353,5306,0.4380061626434326,0.5616943836212158
0,20,14353,5260,0.017469607293605804,0.7684686183929443
1,20,14353,5260,0.02297435700893402,0.3401743471622467
2,20,14353,5260,0.03683105856180191,0.4423796236515045
3,20,14353,5260,0.06333450227975845,0.5301812291145325
4,20,14353,5260,0.032097797840833664,0.517379105091095
5,20,14353,5260,0.03067796863615513,0.5857357978820801
6,20,14353,5260,0.031974855810403824,0.6251950263977051
7,20,14353,5260,0.03969776630401611,0.6759592890739441
8,20,14353,5260,0.04716618359088898,0.6715170741081238
9,20,14353,5260,0.0603419691324234,0.6741840243339539
10,20,14353,5260,0.08106764405965805,0.5819440484046936
11,20,14353,5260,0.42510804533958435,0.5657622218132019
0,21,14353,5256,0.01753311976790428,0.7696358561515808
1,21,14353,5256,0.022404944524168968,0.3413473665714264
2,21,14353,5256,0.03625739738345146,0.43367239832878113
3,21,14353,5256,0.06317425519227982,0.5156733989715576
4,21,14353,5256,0.03196755051612854,0.5187308192253113
5,21,14353,5256,0.03053889237344265,0.5868149995803833
6,21,14353,5256,0.03162151947617531,0.6262533068656921
7,21,14353,5256,0.03946850821375847,0.6773034930229187
8,21,14353,5256,0.04655052721500397,0.6707286238670349
9,21,14353,5256,0.0597880482673645,0.6731827855110168
10,21,14353,5256,0.08083038032054901,0.5811517238616943
11,21,14353,5256,0.4198102056980133,0.5614174008369446
0,22,14353,5298,0.017384782433509827,0.7693961262702942
1,22,14353,5298,0.022623680531978607,0.33719968795776367
2,22,14353,5298,0.03633631765842438,0.4251053035259247
3,22,14353,5298,0.06222764775156975,0.5042715668678284
4,22,14353,5298,0.03199402615427971,0.5163425803184509
5,22,14353,5298,0.03066658414900303,0.5871860980987549
6,22,14353,5298,0.03191215917468071,0.6252806782722473
7,22,14353,5298,0.03993716090917587,0.6773540377616882
8,22,14353,5298,0.04728575423359871,0.6707059741020203
9,22,14353,5298,0.06065602973103523,0.6721773147583008
10,22,14353,5298,0.08144547790288925,0.5757066607475281
11,22,14353,5298,0.4253316819667816,0.5558528304100037
0,23,14353,5274,0.017442801967263222,0.7673792243003845
1,23,14353,5274,0.022422591224312782,0.34209880232810974
2,23,14353,5274,0.03633655607700348,0.4435868561267853
3,23,14353,5274,0.061265408992767334,0.5283784866333008
4,23,14353,5274,0.03184766694903374,0.5192690491676331
5,23,14353,5274,0.03030773065984249,0.5861631035804749
6,23,14353,5274,0.03169335424900055,0.6280877590179443
7,23,14353,5274,0.039526477456092834,0.6791474223136902
8,23,14353,5274,0.04724126681685448,0.6706081032752991
9,23,14353,5274,0.060211747884750366,0.674380362033844
10,23,14353,5274,0.08100581914186478,0.5820344686508179
11,23,14353,5274,0.41595926880836487,0.5617271661758423
0,24,14353,5293,0.017619790509343147,0.7674829363822937
1,24,14353,5293,0.02268543653190136,0.3489934504032135
2,24,14353,5293,0.03613746538758278,0.4499460756778717
3,24,14353,5293,0.06494715064764023,0.5307187438011169
4,24,14353,5293,0.03189709410071373,0.518598735332489
5,24,14353,5293,0.030225729569792747,0.5886760354042053
6,24,14353,5293,0.031614333391189575,0.6277614235877991
7,24,14353,5293,0.03961297124624252,0.67828369140625
8,24,14353,5293,0.04672141745686531,0.6704983711242676
9,24,14353,5293,0.05999156832695007,0.6709508895874023
10,24,14353,5293,0.08105794340372086,0.581937313079834
11,24,14353,5293,0.42876100540161133,0.5547422766685486
0,25,14353,5345,0.017327241599559784,0.7684009075164795
1,25,14353,5345,0.022424980998039246,0.34187301993370056
2,25,14353,5345,0.036054085940122604,0.43890380859375
3,25,14353,5345,0.06352683901786804,0.5175221562385559
4,25,14353,5345,0.031809065490961075,0.5184917449951172
5,25,14353,5345,0.03064747154712677,0.5851659178733826
6,25,14353,5345,0.031858980655670166,0.6265657544136047
7,25,14353,5345,0.03950342908501625,0.6786275506019592
8,25,14353,5345,0.047028154134750366,0.6719099879264832
9,25,14353,5345,0.06045497581362724,0.6738717555999756
10,25,14353,5345,0.08150371164083481,0.5791800022125244
11,25,14353,5345,0.42309319972991943,0.5627992749214172
0,26,14353,5310,0.017709694802761078,0.7656025886535645
1,26,14353,5310,0.02252090722322464,0.3416304588317871
2,26,14353,5310,0.036549922078847885,0.4404207766056061
3,26,14353,5310,0.06537038832902908,0.5239971280097961
4,26,14353,5310,0.03204682841897011,0.5181726813316345
5,26,14353,5310,0.030750377103686333,0.5859875679016113
6,26,14353,5310,0.0320177786052227,0.6259495615959167
7,26,14353,5310,0.04001101106405258,0.6778712272644043
8,26,14353,5310,0.047128304839134216,0.6745116710662842
9,26,14353,5310,0.06057741120457649,0.6740009188652039
10,26,14353,5310,0.08162975311279297,0.5809116959571838
11,26,14353,5310,0.43224820494651794,0.5622610449790955
0,27,14353,5288,0.01727762259542942,0.7707255482673645
1,27,14353,5288,0.022452181205153465,0.3436107635498047
2,27,14353,5288,0.03607694432139397,0.4480738937854767
3,27,14353,5288,0.06341254711151123,0.5352597236633301
4,27,14353,5288,0.03191964700818062,0.5177429914474487
5,27,14353,5288,0.030496709048748016,0.5877131819725037
6,27,14353,5288,0.03172914683818817,0.6264984011650085
7,27,14353,5288,0.03962370380759239,0.6784064173698425
8,27,14353,5288,0.04674932360649109,0.6708522439002991
9,27,14353,5288,0.06052089110016823,0.6715855598449707
10,27,14353,5288,0.08162092417478561,0.5828831791877747
11,27,14353,5288,0.4232722818851471,0.5669668316841125
0,28,14353,5298,0.017446201294660568,0.7674595713615417
1,28,14353,5298,0.02294204570353031,0.34293022751808167
2,28,14353,5298,0.03641776368021965,0.44784221053123474
3,28,14353,5298,0.06376654654741287,0.5327926278114319
4,28,14353,5298,0.03194284811615944,0.5194429159164429
5,28,14353,5298,0.030624331906437874,0.5877318978309631
6,28,14353,5298,0.03182689845561981,0.627936840057373
7,28,14353,5298,0.039601150900125504,0.6780702471733093
8,28,14353,5298,0.04718032106757164,0.6708629131317139
9,28,14353,5298,0.06076784059405327,0.6703206896781921
10,28,14353,5298,0.0812983438372612,0.5803489089012146
11,28,14353,5298,0.4600101411342621,0.5542616844177246
0,29,14353,5281,0.01734043098986149,0.7689812779426575
1,29,14353,5281,0.022308608517050743,0.33978357911109924
2,29,14353,5281,0.036166753619909286,0.4373966157436371
3,29,14353,5281,0.06394755095243454,0.5189142227172852
4,29,14353,5281,0.032043833285570145,0.517181932926178
5,29,14353,5281,0.03059130348265171,0.5850731730461121
6,29,14353,5281,0.031929876655340195,0.6263744235038757
7,29,14353,5281,0.03979334235191345,0.6772253513336182
8,29,14353,5281,0.047177720814943314,0.6735631823539734
9,29,14353,5281,0.060082752257585526,0.6752422451972961
10,29,14353,5281,0.0812063068151474,0.5802251100540161
11,29,14353,5281,0.41496825218200684,0.5603737235069275
0,30,14353,5287,0.017106514424085617,0.7706417441368103
1,30,14353,5287,0.02192080020904541,0.3513515889644623
2,30,14353,5287,0.035309549421072006,0.444009393453598
3,30,14353,5287,0.06343448907136917,0.5201080441474915
4,30,14353,5287,0.0315125435590744,0.5218867063522339
5,30,14353,5287,0.030405918136239052,0.5906470417976379
6,30,14353,5287,0.031569842249155045,0.6301658749580383
7,30,14353,5287,0.03917020186781883,0.6822652220726013
8,30,14353,5287,0.04665106534957886,0.6741525530815125
9,30,14353,5287,0.059810053557157516,0.6754603385925293
10,30,14353,5287,0.08066432923078537,0.5805515646934509
11,30,14353,5287,0.4024304449558258,0.5598359704017639
0,31,14353,5318,0.017356498166918755,0.7703778743743896
1,31,14353,5318,0.02257365547120571,0.3430823087692261
2,31,14353,5318,0.03621061146259308,0.4406108558177948
3,31,14353,5318,0.06593018025159836,0.5154261589050293
4,31,14353,5318,0.03202071413397789,0.5181501507759094
5,31,14353,5318,0.030801966786384583,0.585990846157074
6,31,14353,5318,0.03202095627784729,0.6283687949180603
7,31,14353,5318,0.0398673340678215,0.6820022463798523
8,31,14353,5318,0.04713190719485283,0.672326385974884
9,31,14353,5318,0.060364771634340286,0.6721940040588379
10,31,14353,5318,0.08137694001197815,0.5791987776756287
11,31,14353,5318,0.4179880917072296,0.5635345578193665
0,32,14353,5305,0.01757942885160446,0.7671611905097961
1,32,14353,5305,0.023143701255321503,0.3443721830844879
2,32,14353,5305,0.03684421628713608,0.44868168234825134
3,32,14353,5305,0.0660509467124939,0.5350948572158813
4,32,14353,5305,0.03224503621459007,0.5176663994789124
5,32,14353,5305,0.030668437480926514,0.5872505307197571
6,32,14353,5305,0.03216065838932991,0.6285041570663452
7,32,14353,5305,0.039889682084321976,0.6825922131538391
8,32,14353,5305,0.047159433364868164,0.6745712757110596
9,32,14353,5305,0.060534387826919556,0.6743103861808777
10,32,14353,5305,0.08148156106472015,0.5819786190986633
11,32,14353,5305,0.41673967242240906,0.5653047561645508
0,33,14353,5248,0.017374034970998764,0.7706992030143738
1,33,14353,5248,0.02220999263226986,0.34646496176719666
2,33,14353,5248,0.03613969311118126,0.44988295435905457
3,33,14353,5248,0.06391587108373642,0.5343747735023499
4,33,14353,5248,0.03171062469482422,0.5206272602081299
5,33,14353,5248,0.030453646555542946,0.5852047801017761
6,33,14353,5248,0.03149969503283501,0.6269493103027344
7,33,14353,5248,0.03935422748327255,0.677681028842926
8,33,14353,5248,0.04650251194834709,0.6731204986572266
9,33,14353,5248,0.06002846732735634,0.6736559867858887
10,33,14353,5248,0.08075573295354843,0.5831137299537659
11,33,14353,5248,0.422176718711853,0.5626137852668762
0,34,14353,5282,0.01760079525411129,0.7696788907051086
1,34,14353,5282,0.02275257743895054,0.3384537398815155
2,34,14353,5282,0.03625937178730965,0.44582995772361755
3,34,14353,5282,0.06451612710952759,0.5326066613197327
4,34,14353,5282,0.03188279643654823,0.5190539956092834
5,34,14353,5282,0.03051420859992504,0.5887100100517273
6,34,14353,5282,0.03154363855719566,0.6304814219474792
7,34,14353,5282,0.03961866721510887,0.6820767521858215
8,34,14353,5282,0.04712781310081482,0.6723302006721497
9,34,14353,5282,0.06014589965343475,0.6737834811210632
10,34,14353,5282,0.08097780495882034,0.5827389359474182
11,34,14353,5282,0.43208780884742737,0.5678256750106812
0,35,14353,5309,0.017323177307844162,0.7699615955352783
1,35,14353,5309,0.02223687432706356,0.3432670533657074
2,35,14353,5309,0.03592383489012718,0.4402495324611664
3,35,14353,5309,0.061883240938186646,0.5215070247650146
4,35,14353,5309,0.03191976621747017,0.5199843049049377
5,35,14353,5309,0.030373722314834595,0.5875072479248047
6,35,14353,5309,0.03178080543875694,0.627493143081665
7,35,14353,5309,0.03948128595948219,0.6800177693367004
8,35,14353,5309,0.04690955951809883,0.6715888977050781
9,35,14353,5309,0.060075145214796066,0.6723880767822266
10,35,14353,5309,0.08097533881664276,0.5793938636779785
11,35,14353,5309,0.425816148519516,0.5668116211891174
0,36,14353,5297,0.01745281182229519,0.7690305709838867
1,36,14353,5297,0.022545618936419487,0.34355655312538147
2,36,14353,5297,0.0361957810819149,0.43934664130210876
3,36,14353,5297,0.06393911689519882,0.5177720785140991
4,36,14353,5297,0.03206941857933998,0.5171394348144531
5,36,14353,5297,0.0305169764906168,0.5873231291770935
6,36,14353,5297,0.03198214992880821,0.6279948353767395
7,36,14353,5297,0.039840538054704666,0.6789076924324036
8,36,14353,5297,0.04727207496762276,0.6683147549629211
9,36,14353,5297,0.060479000210762024,0.6729725003242493
10,36,14353,5297,0.08128649741411209,0.5791098475456238
11,36,14353,5297,0.41887208819389343,0.5607158541679382
0,37,14353,5278,0.01732206717133522,0.7711156010627747
1,37,14353,5278,0.022438781335949898,0.34620165824890137
2,37,14353,5278,0.03578345477581024,0.44130396842956543
3,37,14353,5278,0.06093783676624298,0.5194990038871765
4,37,14353,5278,0.03200304135680199,0.519114077091217
5,37,14353,5278,0.03062213771045208,0.5854430794715881
6,37,14353,5278,0.03184305503964424,0.6254227161407471
7,37,14353,5278,0.04002845287322998,0.6786441206932068
8,37,14353,5278,0.047501012682914734,0.6716828346252441
9,37,14353,5278,0.06055218353867531,0.6744508743286133
10,37,14353,5278,0.0813070759177208,0.5811662673950195
11,37,14353,5278,0.41818276047706604,0.5707459449768066
0,38,14353,5244,0.01740296557545662,0.7683789730072021
1,38,14353,5244,0.02244715392589569,0.3480353057384491
2,38,14353,5244,0.036358386278152466,0.45023313164711
3,38,14353,5244,0.06486513465642929,0.5408058762550354
4,38,14353,5244,0.03179171681404114,0.5215132832527161
5,38,14353,5244,0.030379118397831917,0.5899912714958191
6,38,14353,5244,0.031683024019002914,0.6317724585533142
7,38,14353,5244,0.03950061649084091,0.6809626221656799
8,38,14353,5244,0.04692597687244415,0.6732837557792664
9,38,14353,5244,0.059933703392744064,0.6751613616943359
10,38,14353,5244,0.08051785826683044,0.5828443169593811
11,38,14353,5244,0.4126111567020416,0.5538570880889893
0,39,14353,5311,0.017384717240929604,0.7690322995185852
1,39,14353,5311,0.022487709298729897,0.3430686891078949
2,39,14353,5311,0.036270104348659515,0.4435928761959076
3,39,14353,5311,0.06448595970869064,0.5215717554092407
4,39,14353,5311,0.03193928673863411,0.5181030631065369
5,39,14353,5311,0.030601665377616882,0.583634078502655
6,39,14353,5311,0.031848859041929245,0.6244602799415588
7,39,14353,5311,0.03973156213760376,0.6745479106903076
8,39,14353,5311,0.0470338873565197,0.6703259348869324
9,39,14353,5311,0.060638755559921265,0.6716885566711426
10,39,14353,5311,0.08154705166816711,0.5780983567237854
11,39,14353,5311,0.4156535565853119,0.5358254909515381
0,40,14353,5309,0.01741429977118969,0.7687875628471375
1,40,14353,5309,0.022867806255817413,0.342605322599411
2,40,14353,5309,0.03617953136563301,0.4409930408000946
3,40,14353,5309,0.06155714392662048,0.5234306454658508
4,40,14353,5309,0.03210582211613655,0.5187302231788635
5,40,14353,5309,0.030495554208755493,0.5870575308799744
6,40,14353,5309,0.031849175691604614,0.6254344582557678
7,40,14353,5309,0.03959064185619354,0.6781497001647949
8,40,14353,5309,0.04698789492249489,0.6735141277313232
9,40,14353,5309,0.0599873848259449,0.6742834448814392
10,40,14353,5309,0.08090509474277496,0.5793395638465881
11,40,14353,5309,0.43421435356140137,0.5716792345046997
0,41,14353,5290,0.017655305564403534,0.7674710154533386
1,41,14353,5290,0.022772997617721558,0.3421217203140259
2,41,14353,5290,0.036433011293411255,0.4433712065219879
3,41,14353,5290,0.06376683712005615,0.5291271209716797
4,41,14353,5290,0.03199969232082367,0.5170028209686279
5,41,14353,5290,0.03053261898458004,0.5869991183280945
6,41,14353,5290,0.03203047439455986,0.6283493638038635
7,41,14353,5290,0.040078237652778625,0.6799631714820862
8,41,14353,5290,0.047343660145998,0.6743755340576172
9,41,14353,5290,0.060453373938798904,0.6745278239250183
10,41,14353,5290,0.08151011914014816,0.5788941383361816
11,41,14353,5290,0.42418381571769714,0.5562244057655334
0,42,14353,5323,0.017631569877266884,0.7661678194999695
1,42,14353,5323,0.02286185324192047,0.34092485904693604
2,42,14353,5323,0.03680643066763878,0.44584187865257263
3,42,14353,5323,0.06426719576120377,0.5325947999954224
4,42,14353,5323,0.03197287768125534,0.5181918144226074
5,42,14353,5323,0.030570143833756447,0.5853405594825745
6,42,14353,5323,0.03183850273489952,0.6246486306190491
7,42,14353,5323,0.03976289555430412,0.6777344346046448
8,42,14353,5323,0.04680453613400459,0.673198401927948
9,42,14353,5323,0.06002097204327583,0.6739867329597473
10,42,14353,5323,0.08108044415712357,0.5818455219268799
11,42,14353,5323,0.4269033968448639,0.5656960606575012
0,43,14353,5273,0.017280129715800285,0.7687165141105652
1,43,14353,5273,0.022341981530189514,0.3463965654373169
2,43,14353,5273,0.03617987409234047,0.4465504586696625
3,43,14353,5273,0.06341943144798279,0.530273973941803
4,43,14353,5273,0.031865525990724564,0.5198587775230408
5,43,14353,5273,0.030439510941505432,0.5888102650642395
6,43,14353,5273,0.03157838061451912,0.6285660862922668
7,43,14353,5273,0.039447978138923645,0.6795902848243713
8,43,14353,5273,0.04673360288143158,0.6727113127708435
9,43,14353,5273,0.06026870012283325,0.6739625930786133
10,43,14353,5273,0.08100105077028275,0.5813025832176208
11,43,14353,5273,0.41836509108543396,0.5597586035728455
0,44,14353,5304,0.01741500198841095,0.7692604064941406
1,44,14353,5304,0.022454673424363136,0.3435421288013458
2,44,14353,5304,0.036352600902318954,0.4455389678478241
3,44,14353,5304,0.06486040353775024,0.5305156111717224
4,44,14353,5304,0.031904760748147964,0.5196771621704102
5,44,14353,5304,0.030456990003585815,0.5869674682617188
6,44,14353,5304,0.03193636238574982,0.6266294121742249
7,44,14353,5304,0.03976704925298691,0.6773583292961121
8,44,14353,5304,0.04711811617016792,0.6736004948616028
9,44,14353,5304,0.06019832193851471,0.6736698150634766
10,44,14353,5304,0.08140239119529724,0.5812857151031494
11,44,14353,5304,0.4255640506744385,0.5539994239807129
0,45,14353,5249,0.017397737130522728,0.7675030827522278
1,45,14353,5249,0.02256188727915287,0.3423572778701782
2,45,14353,5249,0.03639259561896324,0.44383418560028076
3,45,14353,5249,0.06407567858695984,0.5283647179603577
4,45,14353,5249,0.031959857791662216,0.5197429656982422
5,45,14353,5249,0.030459484085440636,0.5881217122077942
6,45,14353,5249,0.03177858889102936,0.6273610591888428
7,45,14353,5249,0.03984265774488449,0.6813672184944153
8,45,14353,5249,0.04708869382739067,0.6747950911521912
9,45,14353,5249,0.060438740998506546,0.6765875816345215
10,45,14353,5249,0.08145088702440262,0.5814773440361023
11,45,14353,5249,0.409771591424942,0.5534506440162659
0,46,14353,5275,0.017421897500753403,0.769079864025116
1,46,14353,5275,0.022220125421881676,0.34210291504859924
2,46,14353,5275,0.03597792983055115,0.4376161992549896
3,46,14353,5275,0.0625886544585228,0.5168167948722839
4,46,14353,5275,0.03198176994919777,0.5190143585205078
5,46,14353,5275,0.030670620501041412,0.5854031443595886
6,46,14353,5275,0.03179101273417473,0.6284262537956238
7,46,14353,5275,0.03978530690073967,0.6781131625175476
8,46,14353,5275,0.046934824436903,0.6743568778038025
9,46,14353,5275,0.06013338267803192,0.6760686039924622
10,46,14353,5275,0.08093816041946411,0.5805345177650452
11,46,14353,5275,0.4180874824523926,0.5472995638847351
0,47,14353,5299,0.01719815842807293,0.769733726978302
1,47,14353,5299,0.021802252158522606,0.33997902274131775
2,47,14353,5299,0.03601236268877983,0.4353327751159668
3,47,14353,5299,0.06406238675117493,0.5179819464683533
4,47,14353,5299,0.03186390548944473,0.5172726511955261
5,47,14353,5299,0.030389748513698578,0.5882115960121155
6,47,14353,5299,0.031555723398923874,0.6269916892051697
7,47,14353,5299,0.0395156592130661,0.6781988739967346
8,47,14353,5299,0.046997714787721634,0.6739259362220764
9,47,14353,5299,0.05998193845152855,0.6760581135749817
10,47,14353,5299,0.08083468675613403,0.5794222950935364
11,47,14353,5299,0.4175141751766205,0.5620348453521729
0,48,14353,5288,0.017302503809332848,0.7687193751335144
1,48,14353,5288,0.022684918716549873,0.3494091331958771
2,48,14353,5288,0.03606506809592247,0.439864844083786
3,48,14353,5288,0.06263687461614609,0.5184396505355835
4,48,14353,5288,0.03191433846950531,0.5193364024162292
5,48,14353,5288,0.030716760084033012,0.5866440534591675
6,48,14353,5288,0.0319342166185379,0.625468373298645
7,48,14353,5288,0.0400136299431324,0.6776680946350098
8,48,14353,5288,0.04734790325164795,0.6716279983520508
9,48,14353,5288,0.060730915516614914,0.6724371314048767
10,48,14353,5288,0.08162423223257065,0.5807934403419495
11,48,14353,5288,0.42453518509864807,0.5700581073760986
0,49,14353,5271,0.017434341832995415,0.7699106335639954
1,49,14353,5271,0.022249681875109673,0.3454086482524872
2,49,14353,5271,0.03634941577911377,0.4518042802810669
3,49,14353,5271,0.06428924202919006,0.539632260799408
4,49,14353,5271,0.03187510743737221,0.5204799771308899
5,49,14353,5271,0.030300898477435112,0.5896615982055664
6,49,14353,5271,0.03186880424618721,0.6301551461219788
7,49,14353,5271,0.039498746395111084,0.6805949211120605
8,49,14353,5271,0.046996768563985825,0.6745637059211731
9,49,14353,5271,0.05991716310381889,0.6780034899711609
10,49,14353,5271,0.08086955547332764,0.5847002863883972
11,49,14353,5271,0.412107914686203,0.5462040305137634
0,50,14353,5231,0.01752655953168869,0.7667701840400696
1,50,14353,5231,0.02268679253757,0.33810707926750183
2,50,14353,5231,0.03653730824589729,0.43699145317077637
3,50,14353,5231,0.06351929903030396,0.5209723711013794
4,50,14353,5231,0.0321618877351284,0.5162086486816406
5,50,14353,5231,0.030596017837524414,0.5857177972793579
6,50,14353,5231,0.03198571503162384,0.6238820552825928
7,50,14353,5231,0.0397513322532177,0.6780982613563538
8,50,14353,5231,0.04705413058400154,0.6701760292053223
9,50,14353,5231,0.06019186973571777,0.6762534976005554
10,50,14353,5231,0.08072299510240555,0.5821315050125122
11,50,14353,5231,0.41522979736328125,0.5484805107116699
0,51,14353,5277,0.01730978861451149,0.7708783745765686
1,51,14353,5277,0.022409046068787575,0.3393775522708893
2,51,14353,5277,0.03611375018954277,0.43743613362312317
3,51,14353,5277,0.06457296013832092,0.519942581653595
4,51,14353,5277,0.03196066990494728,0.5177050232887268
5,51,14353,5277,0.030385205522179604,0.5867408514022827
6,51,14353,5277,0.031859736889600754,0.6248956918716431
7,51,14353,5277,0.039497628808021545,0.6808983683586121
8,51,14353,5277,0.04710476100444794,0.6698296666145325
9,51,14353,5277,0.06063230708241463,0.6711198687553406
10,51,14353,5277,0.08158693462610245,0.5796967148780823
11,51,14353,5277,0.44892048835754395,0.5634593963623047
0,52,14353,5301,0.017498670145869255,0.7671874165534973
1,52,14353,5301,0.022629158571362495,0.34766125679016113
2,52,14353,5301,0.03644067049026489,0.4456230700016022
3,52,14353,5301,0.06426552683115005,0.5307828783988953
4,52,14353,5301,0.0319276861846447,0.5180730819702148
5,52,14353,5301,0.030356885865330696,0.5866714119911194
6,52,14353,5301,0.031746506690979004,0.627109706401825
7,52,14353,5301,0.03960640728473663,0.6794443726539612
8,52,14353,5301,0.0469394326210022,0.6738917231559753
9,52,14353,5301,0.06027042865753174,0.6732956767082214
10,52,14353,5301,0.08113624155521393,0.5824736952781677
11,52,14353,5301,0.4293714761734009,0.5679873824119568
0,53,14353,5255,0.017685776576399803,0.7660853266716003
1,53,14353,5255,0.02292683534324169,0.34394434094429016
2,53,14353,5255,0.03657481446862221,0.4444451332092285
3,53,14353,5255,0.06498575210571289,0.5256187319755554
4,53,14353,5255,0.032158784568309784,0.518308162689209
5,53,14353,5255,0.030973881483078003,0.587230384349823
6,53,14353,5255,0.031973738223314285,0.6303701996803284
7,53,14353,5255,0.0397808738052845,0.6786770820617676
8,53,14353,5255,0.047260623425245285,0.6737808585166931
9,53,14353,5255,0.06046760082244873,0.6736666560173035
10,53,14353,5255,0.08140294998884201,0.5823037028312683
11,53,14353,5255,0.43503251671791077,0.5640342235565186
0,54,14353,5338,0.017553115263581276,0.7672271132469177
1,54,14353,5338,0.02256281115114689,0.3414515256881714
2,54,14353,5338,0.03634020313620567,0.4379384517669678
3,54,14353,5338,0.06491182744503021,0.5167182087898254
4,54,14353,5338,0.03181099519133568,0.5185472369194031
5,54,14353,5338,0.030600527301430702,0.5877788662910461
6,54,14353,5338,0.031989797949790955,0.6275389790534973
7,54,14353,5338,0.03976909816265106,0.6817933917045593
8,54,14353,5338,0.047097574919462204,0.6726560592651367
9,54,14353,5338,0.0605245977640152,0.6725559234619141
10,54,14353,5338,0.08155430108308792,0.5793883204460144
11,54,14353,5338,0.4258992671966553,0.5561595559120178
0,55,14353,5307,0.017447927966713905,0.7699468731880188
1,55,14353,5307,0.022661173716187477,0.34270381927490234
2,55,14353,5307,0.036201443523168564,0.4453047215938568
3,55,14353,5307,0.06362482905387878,0.5286688208580017
4,55,14353,5307,0.03208133205771446,0.517952024936676
5,55,14353,5307,0.03058570809662342,0.588057279586792
6,55,14353,5307,0.03185839578509331,0.627275288105011
7,55,14353,5307,0.04015141353011131,0.6802158355712891
8,55,14353,5307,0.04698460176587105,0.6745564341545105
9,55,14353,5307,0.060461122542619705,0.6724614500999451
10,55,14353,5307,0.08152446895837784,0.5803197026252747
11,55,14353,5307,0.4239031970500946,0.5699784755706787
0,56,14353,5272,0.0174103956669569,0.7697164416313171
1,56,14353,5272,0.0224785003811121,0.3431638181209564
2,56,14353,5272,0.03604729846119881,0.44440850615501404
3,56,14353,5272,0.06371558457612991,0.525104820728302
4,56,14353,5272,0.03193904459476471,0.5191585421562195
5,56,14353,5272,0.030522765591740608,0.5871227383613586
6,56,14353,5272,0.03186893090605736,0.6252886652946472
7,56,14353,5272,0.03968633711338043,0.6763693690299988
8,56,14353,5272,0.04737771674990654,0.669261634349823
9,56,14353,5272,0.06061549112200737,0.6710842251777649
10,56,14353,5272,0.08197091519832611,0.5789122581481934
11,56,14353,5272,0.4371708631515503,0.5530650615692139
0,57,14353,5264,0.017263667657971382,0.7700097560882568
1,57,14353,5264,0.02249385416507721,0.3473372161388397
2,57,14353,5264,0.03614763543009758,0.4439908564090729
3,57,14353,5264,0.06384508311748505,0.5240480899810791
4,57,14353,5264,0.032132044434547424,0.5174369215965271
5,57,14353,5264,0.03077823482453823,0.5859845280647278
6,57,14353,5264,0.031738098710775375,0.6289636492729187
7,57,14353,5264,0.03968825936317444,0.6787920594215393
8,57,14353,5264,0.04713203385472298,0.6710465550422668
9,57,14353,5264,0.06038497015833855,0.6731400489807129
10,57,14353,5264,0.08112414181232452,0.5802294611930847
11,57,14353,5264,0.4372575283050537,0.5661453008651733
0,58,14353,5266,0.01757238805294037,0.7666694521903992
1,58,14353,5266,0.022823451086878777,0.3356788456439972
2,58,14353,5266,0.036543406546115875,0.4340040981769562
3,58,14353,5266,0.06325667351484299,0.5184292197227478
4,58,14353,5266,0.03205301985144615,0.5156229138374329
5,58,14353,5266,0.030730480328202248,0.5870628952980042
6,58,14353,5266,0.031823378056287766,0.627404510974884
7,58,14353,5266,0.03940539434552193,0.6765756607055664
8,58,14353,5266,0.046994101256132126,0.6714449524879456
9,58,14353,5266,0.06021059677004814,0.6721693873405457
10,58,14353,5266,0.08081644028425217,0.5790840983390808
11,58,14353,5266,0.42296338081359863,0.5520623326301575
0,59,14353,5302,0.017326785251498222,0.7706062197685242
1,59,14353,5302,0.022412791848182678,0.3492906093597412
2,59,14353,5302,0.03600013256072998,0.44535717368125916
3,59,14353,5302,0.0636477842926979,0.5264601111412048
4,59,14353,5302,0.031684279441833496,0.5208298563957214
5,59,14353,5302,0.03024355135858059,0.5904381275177002
6,59,14353,5302,0.03156766667962074,0.6297639012336731
7,59,14353,5302,0.03956935927271843,0.679709255695343
8,59,14353,5302,0.046738237142562866,0.6731438040733337
9,59,14353,5302,0.06039290502667427,0.6733481884002686
10,59,14353,5302,0.0813574567437172,0.580069363117218
11,59,14353,5302,0.41904696822166443,0.5492885112762451
0,60,14353,5316,0.017390772700309753,0.769231379032135
1,60,14353,5316,0.022830605506896973,0.3381403386592865
2,60,14353,5316,0.03666440397500992,0.43271932005882263
3,60,14353,5316,0.0638299360871315,0.5119717121124268
4,60,14353,5316,0.03207826241850853,0.5176652073860168
5,60,14353,5316,0.03041262924671173,0.5871894955635071
6,60,14353,5316,0.03173120319843292,0.6261914372444153
7,60,14353,5316,0.039533983916044235,0.6771798133850098
8,60,14353,5316,0.04698256775736809,0.6716117858886719
9,60,14353,5316,0.060336530208587646,0.6738850474357605
10,60,14353,5316,0.08112829178571701,0.5771462321281433
11,60,14353,5316,0.41052713990211487,0.5482942461967468
0,61,14353,5215,0.017171310260891914,0.771152675151825
1,61,14353,5215,0.02218085713684559,0.3567029535770416
2,61,14353,5215,0.035610321909189224,0.452124685049057
3,61,14353,5215,0.0614708848297596,0.5336452126502991
4,61,14353,5215,0.031594354659318924,0.52235347032547
5,61,14353,5215,0.03032391518354416,0.5883333683013916
6,61,14353,5215,0.03170062601566315,0.6279566287994385
7,61,14353,5215,0.0395212359726429,0.6811442971229553
8,61,14353,5215,0.04678528383374214,0.6743776202201843
9,61,14353,5215,0.060104429721832275,0.6752159595489502
10,61,14353,5215,0.08112090826034546,0.5829727053642273
11,61,14353,5215,0.4247719347476959,0.5649509429931641
0,62,14353,5232,0.017635999247431755,0.7674615383148193
1,62,14353,5232,0.02257603406906128,0.3456859588623047
2,62,14353,5232,0.03644224628806114,0.44394180178642273
3,62,14353,5232,0.0644320547580719,0.5284330248832703
4,62,14353,5232,0.032036568969488144,0.5200104713439941
5,62,14353,5232,0.030582040548324585,0.5876789093017578
6,62,14353,5232,0.03184927999973297,0.6282742619514465
7,62,14353,5232,0.03948356956243515,0.679602861404419
8,62,14353,5232,0.046783845871686935,0.6726111769676208
9,62,14353,5232,0.060418758541345596,0.6736478805541992
10,62,14353,5232,0.08129986375570297,0.5819194912910461
11,62,14353,5232,0.43063390254974365,0.5643075704574585
0,63,14353,5335,0.01752726547420025,0.7681384086608887
1,63,14353,5335,0.022405123338103294,0.3445393741130829
2,63,14353,5335,0.03635084256529808,0.4418555796146393
3,63,14353,5335,0.06416577845811844,0.5254351496696472
4,63,14353,5335,0.03195639327168465,0.5186222195625305
5,63,14353,5335,0.030614035204052925,0.5895313620567322
6,63,14353,5335,0.031722541898489,0.6263489127159119
7,63,14353,5335,0.03967558220028877,0.6763923168182373
8,63,14353,5335,0.046986933797597885,0.6722054481506348
9,63,14353,5335,0.06022243574261665,0.6749237179756165
10,63,14353,5335,0.08128631860017776,0.5807927250862122
11,63,14353,5335,0.4238710105419159,0.550632655620575
0,64,14353,5259,0.017665890976786613,0.7676493525505066
1,64,14353,5259,0.022835398092865944,0.3283100426197052
2,64,14353,5259,0.03685442730784416,0.43093809485435486
3,64,14353,5259,0.06448924541473389,0.5184380412101746
4,64,14353,5259,0.032116636633872986,0.5145161151885986
5,64,14353,5259,0.030653974041342735,0.5845375657081604
6,64,14353,5259,0.031992170959711075,0.624888002872467
7,64,14353,5259,0.03977328911423683,0.6782007217407227
8,64,14353,5259,0.047330599278211594,0.6736590266227722
9,64,14353,5259,0.06055120751261711,0.6724695563316345
10,64,14353,5259,0.08154097199440002,0.5764155387878418
11,64,14353,5259,0.4331343173980713,0.5633294582366943
0,65,14353,5292,0.017664453014731407,0.7661423087120056
1,65,14353,5292,0.02266506850719452,0.337873250246048
2,65,14353,5292,0.03671225532889366,0.43485239148139954
3,65,14353,5292,0.06451521068811417,0.5164365768432617
4,65,14353,5292,0.03212399408221245,0.5164931416511536
5,65,14353,5292,0.030662352219223976,0.5860669612884521
6,65,14353,5292,0.03193299099802971,0.6250290870666504
7,65,14353,5292,0.03972118720412254,0.6777772903442383
8,65,14353,5292,0.04669063165783882,0.6733431816101074
9,65,14353,5292,0.060230061411857605,0.6740221381187439
10,65,14353,5292,0.08103510737419128,0.5799347758293152
11,65,14353,5292,0.41731569170951843,0.5637685656547546
0,66,14353,5258,0.017555752769112587,0.7685955166816711
1,66,14353,5258,0.02283358760178089,0.3485144078731537
2,66,14353,5258,0.03693171218037605,0.44998693466186523
3,66,14353,5258,0.06742659956216812,0.5356499552726746
4,66,14353,5258,0.03208954632282257,0.5211684107780457
5,66,14353,5258,0.03047819435596466,0.587649941444397
6,66,14353,5258,0.03159869834780693,0.6286702156066895
7,66,14353,5258,0.03956213966012001,0.6797967553138733
8,66,14353,5258,0.046769704669713974,0.6746619343757629
9,66,14353,5258,0.05989552661776543,0.6745638251304626
10,66,14353,5258,0.08085864782333374,0.58297199010849
11,66,14353,5258,0.41497746109962463,0.5613167881965637
0,67,14353,5243,0.017459949478507042,0.7689142227172852
1,67,14353,5243,0.02270720899105072,0.3446996510028839
2,67,14353,5243,0.03638170659542084,0.45151057839393616
3,67,14353,5243,0.06690223515033722,0.5344637036323547
4,67,14353,5243,0.03178878501057625,0.5203974843025208
5,67,14353,5243,0.030545810237526894,0.5881842970848083
6,67,14353,5243,0.03192964568734169,0.6288896799087524
7,67,14353,5243,0.039555858820676804,0.6809595227241516
8,67,14353,5243,0.04685279726982117,0.675226628780365
9,67,14353,5243,0.06030622124671936,0.6735298037528992
10,67,14353,5243,0.08166094869375229,0.5813625454902649
11,67,14353,5243,0.41425326466560364,0.5428243279457092
0,68,14353,5218,0.01755356974899769,0.7679937481880188
1,68,14353,5218,0.022333167493343353,0.33790501952171326
2,68,14353,5218,0.0365104041993618,0.43961358070373535
3,68,14353,5218,0.06484859436750412,0.5228038430213928
4,68,14353,5218,0.032118648290634155,0.5181159377098083
5,68,14353,5218,0.030613839626312256,0.5845257043838501
6,68,14353,5218,0.03190777823328972,0.6238368153572083
7,68,14353,5218,0.0395977683365345,0.6773950457572937
8,68,14353,5218,0.04706316813826561,0.6704807877540588
9,68,14353,5218,0.06064135208725929,0.6718053817749023
10,68,14353,5218,0.08153025060892105,0.5791098475456238
11,68,14353,5218,0.42857444286346436,0.5599928498268127
0,69,14353,5205,0.0171941090375185,0.7706959247589111
1,69,14353,5205,0.022320693358778954,0.3564036786556244
2,69,14353,5205,0.03592658415436745,0.4593578577041626
3,69,14353,5205,0.0649668276309967,0.5412819981575012
4,69,14353,5205,0.03170258551836014,0.5234553813934326
5,69,14353,5205,0.030514409765601158,0.5883312225341797
6,69,14353,5205,0.031760770827531815,0.6299631595611572
7,69,14353,5205,0.03972041606903076,0.6810389161109924
8,69,14353,5205,0.04663193225860596,0.67255038022995
9,69,14353,5205,0.05976957082748413,0.6738786697387695
10,69,14353,5205,0.08077169209718704,0.5845720171928406
11,69,14353,5205,0.42462635040283203,0.5434002876281738
0,70,14353,5248,0.017673201858997345,0.7681412696838379
1,70,14353,5248,0.022846996784210205,0.33675453066825867
2,70,14353,5248,0.03635218366980553,0.4374384880065918
3,70,14353,5248,0.060881663113832474,0.5191429853439331
4,70,14353,5248,0.03216273710131645,0.5168513655662537
5,70,14353,5248,0.030621139332652092,0.5858903527259827
6,70,14353,5248,0.031735897064208984,0.6255541443824768
7,70,14353,5248,0.0398288331925869,0.6784923076629639
8,70,14353,5248,0.04706854745745659,0.671306312084198
9,70,14353,5248,0.06032775714993477,0.6727641224861145
10,70,14353,5248,0.08093227446079254,0.5793814063072205
11,70,14353,5248,0.41778406500816345,0.5591022372245789
0,71,14353,5292,0.01727747730910778,0.7722837924957275
1,71,14353,5292,0.022133586928248405,0.34608152508735657
2,71,14353,5292,0.03580525144934654,0.4462878704071045
3,71,14353,5292,0.06383267045021057,0.5274102687835693
4,71,14353,5292,0.03205859288573265,0.5182766914367676
5,71,14353,5292,0.030573122203350067,0.5853631496429443
6,71,14353,5292,0.03189394250512123,0.627001166343689
7,71,14353,5292,0.03965140879154205,0.6798932552337646
8,71,14353,5292,0.04710521921515465,0.6713272929191589
9,71,14353,5292,0.06035176292061806,0.6734932065010071
10,71,14353,5292,0.08154475688934326,0.5808129906654358
11,71,14353,5292,0.41867244243621826,0.5502533912658691
0,72,14353,5276,0.01737598329782486,0.7681102752685547
1,72,14353,5276,0.022462448105216026,0.3464972674846649
2,72,14353,5276,0.036355238407850266,0.44533562660217285
3,72,14353,5276,0.0651625469326973,0.5286028981208801
4,72,14353,5276,0.032070331275463104,0.5198522806167603
5,72,14353,5276,0.03057175688445568,0.5899493098258972
6,72,14353,5276,0.03170418366789818,0.6295511722564697
7,72,14353,5276,0.03954625502228737,0.6787225604057312
8,72,14353,5276,0.04725508764386177,0.6705093383789062
9,72,14353,5276,0.06064470484852791,0.6742908954620361
10,72,14353,5276,0.08196308463811874,0.5808625817298889
11,72,14353,5276,0.41886019706726074,0.554832935333252
0,73,14353,5269,0.01762601174414158,0.7684629559516907
1,73,14353,5269,0.0225850697606802,0.343477725982666
2,73,14353,5269,0.03608490154147148,0.4447903633117676
3,73,14353,5269,0.06165224313735962,0.5286874175071716
4,73,14353,5269,0.031978681683540344,0.5205891728401184
5,73,14353,5269,0.030460365116596222,0.5861360430717468
6,73,14353,5269,0.03179940581321716,0.6249744296073914
7,73,14353,5269,0.03932764753699303,0.677889347076416
8,73,14353,5269,0.04680485650897026,0.6726877093315125
9,73,14353,5269,0.059825003147125244,0.6750783920288086
10,73,14353,5269,0.08077438920736313,0.5831361413002014
11,73,14353,5269,0.43019452691078186,0.5544328093528748
0,74,14353,5326,0.01735704392194748,0.7689233422279358
1,74,14353,5326,0.02217618189752102,0.34313368797302246
2,74,14353,5326,0.03594030812382698,0.43814846873283386
3,74,14353,5326,0.06263184547424316,0.5173428654670715
4,74,14353,5326,0.03192523121833801,0.5182604789733887
5,74,14353,5326,0.030665434896945953,0.5871426463127136
6,74,14353,5326,0.03182990476489067,0.626041829586029
7,74,14353,5326,0.03983744978904724,0.6771494746208191
8,74,14353,5326,0.04714326933026314,0.6722307801246643
9,74,14353,5326,0.06044258177280426,0.674139678478241
10,74,14353,5326,0.08137738704681396,0.5781948566436768
11,74,14353,5326,0.4171839952468872,0.5478899478912354
0,75,14353,5277,0.017405344173312187,0.7695792317390442
1,75,14353,5277,0.02278573252260685,0.34475597739219666
2,75,14353,5277,0.03635973855853081,0.4424980580806732
3,75,14353,5277,0.06405729800462723,0.5246005058288574
4,75,14353,5277,0.032082367688417435,0.5182550549507141
5,75,14353,5277,0.030766597017645836,0.5858474969863892
6,75,14353,5277,0.03185620903968811,0.6273800730705261
7,75,14353,5277,0.03967960178852081,0.6792541146278381
8,75,14353,5277,0.04720418527722359,0.6716985106468201
9,75,14353,5277,0.06084795296192169,0.6712519526481628
10,75,14353,5277,0.08146809041500092,0.580544650554657
11,75,14353,5277,0.4337376058101654,0.5527200102806091
0,76,14353,5210,0.017318809404969215,0.7684071063995361
1,76,14353,5210,0.02218860387802124,0.34102579951286316
2,76,14353,5210,0.035757508128881454,0.43419691920280457
3,76,14353,5210,0.06212564930319786,0.5123066902160645
4,76,14353,5210,0.032038405537605286,0.5164219737052917
5,76,14353,5210,0.030551334843039513,0.5858818888664246
6,76,14353,5210,0.03216753527522087,0.6256535649299622
7,76,14353,5210,0.040021657943725586,0.682741105556488
8,76,14353,5210,0.04703099653124809,0.6767159104347229
9,76,14353,5210,0.06017602980136871,0.6773684620857239
10,76,14353,5210,0.08074550330638885,0.5798414349555969
11,76,14353,5210,0.4372932016849518,0.5654990077018738
0,77,14353,5255,0.017465418204665184,0.7691468596458435
1,77,14353,5255,0.023218506947159767,0.34511569142341614
2,77,14353,5255,0.03626081719994545,0.45026278495788574
3,77,14353,5255,0.06362468749284744,0.5302757024765015
4,77,14353,5255,0.032085057348012924,0.5197580456733704
5,77,14353,5255,0.030667686834931374,0.5868993401527405
6,77,14353,5255,0.03172915428876877,0.6301996111869812
7,77,14353,5255,0.039297472685575485,0.6818645596504211
8,77,14353,5255,0.04713377729058266,0.674257218837738
9,77,14353,5255,0.06000715494155884,0.6774820685386658
10,77,14353,5255,0.08109203726053238,0.5826100707054138
11,77,14353,5255,0.41964468359947205,0.5591180324554443
0,78,14353,5273,0.01735219918191433,0.7699888348579407
1,78,14353,5273,0.022400006651878357,0.343881219625473
2,78,14353,5273,0.03590422868728638,0.44347479939460754
3,78,14353,5273,0.06380850076675415,0.5207924842834473
4,78,14353,5273,0.03197919949889183,0.5193465352058411
5,78,14353,5273,0.030489670112729073,0.588843822479248
6,78,14353,5273,0.0318589024245739,0.6264026761054993
7,78,14353,5273,0.040075235068798065,0.6800524592399597
8,78,14353,5273,0.04686640575528145,0.6780433058738708
9,78,14353,5273,0.059871166944503784,0.6785082817077637
10,78,14353,5273,0.08058896660804749,0.5809635519981384
11,78,14353,5273,0.43386009335517883,0.5548606514930725
0,79,14353,5261,0.017569417133927345,0.7680739760398865
1,79,14353,5261,0.02250254712998867,0.33902621269226074
2,79,14353,5261,0.0365908183157444,0.4369827210903168
3,79,14353,5261,0.06364401429891586,0.5211581587791443
4,79,14353,5261,0.03211710974574089,0.5159544348716736
5,79,14353,5261,0.030667608603835106,0.5871071219444275
6,79,14353,5261,0.03176717460155487,0.6258031725883484
7,79,14353,5261,0.039903540164232254,0.6777127385139465
8,79,14353,5261,0.0473296158015728,0.6724023818969727
9,79,14353,5261,0.060452792793512344,0.6724092364311218
10,79,14353,5261,0.08148787915706635,0.5775805115699768
11,79,14353,5261,0.41905713081359863,0.5598899722099304
0,80,14353,5320,0.01711294986307621,0.7714897990226746
1,80,14353,5320,0.022053619846701622,0.34955331683158875
2,80,14353,5320,0.03591981530189514,0.44780102372169495
3,80,14353,5320,0.06250031292438507,0.5295219421386719
4,80,14353,5320,0.03185591474175453,0.520697295665741
5,80,14353,5320,0.03043654002249241,0.5884392261505127
6,80,14353,5320,0.03167683258652687,0.6277379989624023
7,80,14353,5320,0.039637353271245956,0.6802689433097839
8,80,14353,5320,0.0470813624560833,0.6727613806724548
9,80,14353,5320,0.06002745404839516,0.6765356659889221
10,80,14353,5320,0.08085557073354721,0.5825156569480896
11,80,14353,5320,0.404306560754776,0.5599563717842102
0,81,14353,5295,0.01741478405892849,0.769589900970459
1,81,14353,5295,0.022476129233837128,0.3479091227054596
2,81,14353,5295,0.03584911301732063,0.4447653293609619
3,81,14353,5295,0.06313631683588028,0.5230920314788818
4,81,14353,5295,0.03184850886464119,0.5194495320320129
5,81,14353,5295,0.030369296669960022,0.5870776176452637
6,81,14353,5295,0.03177308291196823,0.6260913014411926
7,81,14353,5295,0.039668478071689606,0.6778201460838318
8,81,14353,5295,0.04701249673962593,0.6725990772247314
9,81,14353,5295,0.06054652854800224,0.6727595925331116
10,81,14353,5295,0.08172821998596191,0.5808349251747131
11,81,14353,5295,0.4439659118652344,0.555756688117981
0,82,14353,5277,0.01720176450908184,0.7712748646736145
1,82,14353,5277,0.022266393527388573,0.34872934222221375
2,82,14353,5277,0.03565431013703346,0.44884276390075684
3,82,14353,5277,0.06323634833097458,0.5284098982810974
4,82,14353,5277,0.03174680098891258,0.5201360583305359
5,82,14353,5277,0.030442556366324425,0.5875900387763977
6,82,14353,5277,0.03172696754336357,0.6253937482833862
7,82,14353,5277,0.03958766162395477,0.6797483563423157
8,82,14353,5277,0.047108639031648636,0.6744056344032288
9,82,14353,5277,0.06017783284187317,0.67499178647995
10,82,14353,5277,0.08147379755973816,0.5809137225151062
11,82,14353,5277,0.4198486804962158,0.5554336905479431
0,83,14353,5267,0.01749439351260662,0.7688984870910645
1,83,14353,5267,0.022992372512817383,0.33610931038856506
2,83,14353,5267,0.03634816035628319,0.433602899312973
3,83,14353,5267,0.06202482804656029,0.5139626264572144
4,83,14353,5267,0.03203707933425903,0.5171384811401367
5,83,14353,5267,0.030611978843808174,0.5848974585533142
6,83,14353,5267,0.0317072868347168,0.6252310872077942
7,83,14353,5267,0.03957556560635567,0.6769077777862549
8,83,14353,5267,0.046682607382535934,0.6715952754020691
9,83,14353,5267,0.060191020369529724,0.673379123210907
10,83,14353,5267,0.08115777373313904,0.5779116749763489
11,83,14353,5267,0.42253661155700684,0.5562522411346436
0,84,14353,5306,0.017794979736208916,0.7659241557121277
1,84,14353,5306,0.02319585531949997,0.3430079221725464
2,84,14353,5306,0.037087585777044296,0.4440753161907196
3,84,14353,5306,0.06483885645866394,0.5348800420761108
4,84,14353,5306,0.03191553056240082,0.5187253952026367
5,84,14353,5306,0.030554601922631264,0.5863847136497498
6,84,14353,5306,0.03173259273171425,0.6292914748191833
7,84,14353,5306,0.039702024310827255,0.6777837872505188
8,84,14353,5306,0.046944547444581985,0.6706476211547852
9,84,14353,5306,0.06030368432402611,0.6723003387451172
10,84,14353,5306,0.08086899667978287,0.5813615918159485
11,84,14353,5306,0.41038283705711365,0.5632339119911194
0,85,14353,5286,0.01743006519973278,0.7677944302558899
1,85,14353,5286,0.022375822067260742,0.34510746598243713
2,85,14353,5286,0.036233868449926376,0.44705185294151306
3,85,14353,5286,0.06592250615358353,0.5315555334091187
4,85,14353,5286,0.031850580126047134,0.5204049348831177
5,85,14353,5286,0.03043535351753235,0.5885627269744873
6,85,14353,5286,0.031675342470407486,0.6273825764656067
7,85,14353,5286,0.039596013724803925,0.68105149269104
8,85,14353,5286,0.046928178519010544,0.6757192611694336
9,85,14353,5286,0.06009334325790405,0.6754088401794434
10,85,14353,5286,0.08098062872886658,0.5829570889472961
11,85,14353,5286,0.41084933280944824,0.5482960939407349
0,86,14353,5283,0.01732964813709259,0.7688007950782776
1,86,14353,5283,0.022515172138810158,0.34668436646461487
2,86,14353,5283,0.03629560396075249,0.45018479228019714
3,86,14353,5283,0.06293930113315582,0.5340023040771484
4,86,14353,5283,0.032012637704610825,0.518149197101593
5,86,14353,5283,0.030491797253489494,0.5876896381378174
6,86,14353,5283,0.03174469992518425,0.6289414167404175
7,86,14353,5283,0.03970041871070862,0.6787859797477722
8,86,14353,5283,0.04702619090676308,0.67283695936203
9,86,14353,5283,0.06031876802444458,0.6756431460380554
10,86,14353,5283,0.08111246675252914,0.5828385949134827
11,86,14353,5283,0.41991519927978516,0.5519454479217529
0,87,14353,5257,0.01729312166571617,0.7698757648468018
1,87,14353,5257,0.022152148187160492,0.3472538888454437
2,87,14353,5257,0.03610439598560333,0.447536826133728
3,87,14353,5257,0.06483086943626404,0.5306560397148132
4,87,14353,5257,0.031928129494190216,0.5192105174064636
5,87,14353,5257,0.030593523755669594,0.5890623331069946
6,87,14353,5257,0.03204723075032234,0.6271620988845825
7,87,14353,5257,0.039973050355911255,0.6769282221794128
8,87,14353,5257,0.04733866825699806,0.6729122996330261
9,87,14353,5257,0.06077854707837105,0.6730141639709473
10,87,14353,5257,0.08158741146326065,0.5815152525901794
11,87,14353,5257,0.4213123619556427,0.5629040598869324
0,88,14353,5232,0.01727391593158245,0.7708819508552551
1,88,14353,5232,0.02269594557583332,0.3466050624847412
2,88,14353,5232,0.035795435309410095,0.4452429711818695
3,88,14353,5232,0.06255209445953369,0.5254492163658142
4,88,14353,5232,0.032114800065755844,0.5191256403923035
5,88,14353,5232,0.030876656994223595,0.5866818428039551
6,88,14353,5232,0.032040927559137344,0.6268766522407532
7,88,14353,5232,0.03987359628081322,0.6787474751472473
8,88,14353,5232,0.04717982932925224,0.6728928685188293
9,88,14353,5232,0.06031503155827522,0.6728901267051697
10,88,14353,5232,0.08134359866380692,0.581600546836853
11,88,14353,5232,0.413180947303772,0.5605507493019104
0,89,14353,5246,0.01735120639204979,0.7692064642906189
1,89,14353,5246,0.02276228927075863,0.35197487473487854
2,89,14353,5246,0.036073315888643265,0.4525270462036133
3,89,14353,5246,0.06554074585437775,0.5326181054115295
4,89,14353,5246,0.03183797374367714,0.5221719741821289
5,89,14353,5246,0.03037727065384388,0.5894714593887329
6,89,14353,5246,0.03169991075992584,0.6295760273933411
7,89,14353,5246,0.039571646600961685,0.6812359690666199
8,89,14353,5246,0.04668407514691353,0.6763826012611389
9,89,14353,5246,0.059815410524606705,0.6770529747009277
10,89,14353,5246,0.08093142509460449,0.5833836197853088
11,89,14353,5246,0.4179888963699341,0.5643794536590576
0,90,14353,5293,0.017294416204094887,0.7701699137687683
1,90,14353,5293,0.02222590707242489,0.3470674455165863
2,90,14353,5293,0.03624116629362106,0.44370660185813904
3,90,14353,5293,0.06509522348642349,0.5237440466880798
4,90,14353,5293,0.03167704865336418,0.5192773938179016
5,90,14353,5293,0.030393540859222412,0.5885498523712158
6,90,14353,5293,0.031733494251966476,0.6278347969055176
7,90,14353,5293,0.03965209051966667,0.680058479309082
8,90,14353,5293,0.04698971286416054,0.6706779599189758
9,90,14353,5293,0.0606035552918911,0.6729323267936707
10,90,14353,5293,0.08123599737882614,0.5796077251434326
11,90,14353,5293,0.43197235465049744,0.5558467507362366
0,91,14353,5282,0.0175324697047472,0.7684757709503174
1,91,14353,5282,0.02258194051682949,0.34588345885276794
2,91,14353,5282,0.03609723597764969,0.4481693208217621
3,91,14353,5282,0.06292914599180222,0.5318396687507629
4,91,14353,5282,0.03206614777445793,0.5180781483650208
5,91,14353,5282,0.030740534886717796,0.5866840481758118
6,91,14353,5282,0.031831223517656326,0.6297521591186523
7,91,14353,5282,0.03968145698308945,0.6803523898124695
8,91,14353,5282,0.0470578633248806,0.6735968589782715
9,91,14353,5282,0.06016811355948448,0.6765658259391785
10,91,14353,5282,0.08103645592927933,0.5822292566299438
11,91,14353,5282,0.42118093371391296,0.5662378668785095
0,92,14353,5233,0.017456011846661568,0.7670884132385254
1,92,14353,5233,0.02249172143638134,0.34643426537513733
2,92,14353,5233,0.036262184381484985,0.44590747356414795
3,92,14353,5233,0.06677567958831787,0.5257136821746826
4,92,14353,5233,0.031811099499464035,0.5200909972190857
5,92,14353,5233,0.030484745278954506,0.5883694291114807
6,92,14353,5233,0.03155069425702095,0.6281664371490479
7,92,14353,5233,0.0397619903087616,0.6783773899078369
8,92,14353,5233,0.047038812190294266,0.675068199634552
9,92,14353,5233,0.060078203678131104,0.6757563948631287
10,92,14353,5233,0.08064409345388412,0.5842121243476868
11,92,14353,5233,0.4271904528141022,0.5742149949073792
0,93,14353,5271,0.017567114904522896,0.7674325108528137
1,93,14353,5271,0.022788094356656075,0.3351985514163971
2,93,14353,5271,0.036329712718725204,0.4362858831882477
3,93,14353,5271,0.06357581168413162,0.5182612538337708
4,93,14353,5271,0.032146889716386795,0.5148376822471619
5,93,14353,5271,0.03069891780614853,0.5828890204429626
6,93,14353,5271,0.032041702419519424,0.6208284497261047
7,93,14353,5271,0.0397740937769413,0.6765534281730652
8,93,14353,5271,0.0472780279815197,0.6698562502861023
9,93,14353,5271,0.060521166771650314,0.6715037226676941
10,93,14353,5271,0.08137732744216919,0.5772915482521057
11,93,14353,5271,0.41052308678627014,0.5560079216957092
0,94,14353,5272,0.017601046711206436,0.767599880695343
1,94,14353,5272,0.02273460663855076,0.3358628749847412
2,94,14353,5272,0.03681774064898491,0.4418506622314453
3,94,14353,5272,0.06533164530992508,0.5280614495277405
4,94,14353,5272,0.03210534527897835,0.5180183053016663
5,94,14353,5272,0.030421560630202293,0.586875319480896
6,94,14353,5272,0.03185682371258736,0.6258949041366577
7,94,14353,5272,0.039615701884031296,0.6814817786216736
8,94,14353,5272,0.046912819147109985,0.676540195941925
9,94,14353,5272,0.05995629355311394,0.6752132773399353
10,94,14353,5272,0.08043675869703293,0.5832265019416809
11,94,14353,5272,0.4116145670413971,0.5602529644966125
0,95,14353,5257,0.017356371507048607,0.76948481798172
1,95,14353,5257,0.02291802130639553,0.3439652621746063
2,95,14353,5257,0.03590989485383034,0.4452105760574341
3,95,14353,5257,0.06103515625,0.5260164141654968
4,95,14353,5257,0.03185606375336647,0.5201693773269653
5,95,14353,5257,0.030574023723602295,0.5878345370292664
6,95,14353,5257,0.031631577759981155,0.6287623047828674
7,95,14353,5257,0.03952670097351074,0.6797991394996643
8,95,14353,5257,0.04716426506638527,0.6731426119804382
9,95,14353,5257,0.06013459339737892,0.6754074096679688
10,95,14353,5257,0.08075990527868271,0.5831525921821594
11,95,14353,5257,0.4095896780490875,0.5584462881088257
0,96,14353,5311,0.01745700091123581,0.7677292823791504
1,96,14353,5311,0.022349556908011436,0.34179696440696716
2,96,14353,5311,0.036433178931474686,0.4399660527706146
3,96,14353,5311,0.06348583102226257,0.5249326825141907
4,96,14353,5311,0.032055944204330444,0.5170305967330933
5,96,14353,5311,0.03070766292512417,0.5846474766731262
6,96,14353,5311,0.03190653398633003,0.6252589821815491
7,96,14353,5311,0.03989902511239052,0.6787174344062805
8,96,14353,5311,0.04731941223144531,0.6710467338562012
9,96,14353,5311,0.06105812266469002,0.6705284714698792
10,96,14353,5311,0.08251337707042694,0.5789341926574707
11,96,14353,5311,0.42945924401283264,0.5611186623573303
0,97,14353,5254,0.01746017299592495,0.7674617767333984
1,97,14353,5254,0.0221254825592041,0.341965913772583
2,97,14353,5254,0.0359778068959713,0.4449506998062134
3,97,14353,5254,0.06641904264688492,0.5283420085906982
4,97,14353,5254,0.03187473118305206,0.5185853838920593
5,97,14353,5254,0.030461527407169342,0.5871095061302185
6,97,14353,5254,0.031715646386146545,0.6264228224754333
7,97,14353,5254,0.03992761671543121,0.6805543899536133
8,97,14353,5254,0.04707805812358856,0.6740395426750183
9,97,14353,5254,0.060111742466688156,0.6755132675170898
10,97,14353,5254,0.08124082535505295,0.581756055355072
11,97,14353,5254,0.42929473519325256,0.5500144958496094
0,98,14353,5244,0.017482366412878036,0.7699878811836243
1,98,14353,5244,0.022453056648373604,0.3393019139766693
2,98,14353,5244,0.03591642156243324,0.43189573287963867
3,98,14353,5244,0.06126398220658302,0.5086601376533508
4,98,14353,5244,0.03200496360659599,0.5175323486328125
5,98,14353,5244,0.030521223321557045,0.5859569907188416
6,98,14353,5244,0.03177471086382866,0.6244122385978699
7,98,14353,5244,0.03951876983046532,0.6768932342529297
8,98,14353,5244,0.04664681479334831,0.6717410087585449
9,98,14353,5244,0.05985318496823311,0.6735135912895203
10,98,14353,5244,0.08073632419109344,0.5785636901855469
11,98,14353,5244,0.41410088539123535,0.5599333643913269
0,99,14353,5311,0.017266923561692238,0.7699673771858215
1,99,14353,5311,0.022455329075455666,0.3462916314601898
2,99,14353,5311,0.035918764770030975,0.45158568024635315
3,99,14353,5311,0.06571322679519653,0.5333450436592102
4,99,14353,5311,0.03185125067830086,0.5203118920326233
5,99,14353,5311,0.030466938391327858,0.5865877270698547
6,99,14353,5311,0.031551163643598557,0.6276826858520508
7,99,14353,5311,0.03967567905783653,0.6781435012817383
8,99,14353,5311,0.04696524143218994,0.6722388863563538
9,99,14353,5311,0.05996584892272949,0.6746199727058411
10,99,14353,5311,0.08087357133626938,0.582808792591095
11,99,14353,5311,0.42483821511268616,0.5607661008834839
0,100,14353,5320,0.01772255264222622,0.7652724385261536
1,100,14353,5320,0.022798413410782814,0.34058046340942383
2,100,14353,5320,0.03643506392836571,0.4451855421066284
3,100,14353,5320,0.06480669230222702,0.5269532203674316
4,100,14353,5320,0.031836554408073425,0.5188509821891785
5,100,14353,5320,0.030436282977461815,0.5854011178016663
6,100,14353,5320,0.03167745843529701,0.6290788650512695
7,100,14353,5320,0.03967868164181709,0.680997908115387
8,100,14353,5320,0.046911727637052536,0.674649715423584
9,100,14353,5320,0.06046595796942711,0.6720895767211914
10,100,14353,5320,0.08126858621835709,0.5808424949645996
11,100,14353,5320,0.4316999912261963,0.5664166808128357
0,101,14353,5236,0.01735823042690754,0.7689544558525085
1,101,14353,5236,0.02238587476313114,0.3428398072719574
2,101,14353,5236,0.035770218819379807,0.441857248544693
3,101,14353,5236,0.06364581733942032,0.5176536440849304
4,101,14353,5236,0.03200482949614525,0.5156726241111755
5,101,14353,5236,0.030679160729050636,0.5839127898216248
6,101,14353,5236,0.03195428475737572,0.6246157288551331
7,101,14353,5236,0.03995559737086296,0.6810281276702881
8,101,14353,5236,0.04710490629076958,0.6735742092132568
9,101,14353,5236,0.0604880154132843,0.6728312373161316
10,101,14353,5236,0.0812763199210167,0.579898476600647
11,101,14353,5236,0.415691614151001,0.5709648728370667
0,102,14353,5340,0.017222123220562935,0.7707450985908508
1,102,14353,5340,0.02232406474649906,0.34055057168006897
2,102,14353,5340,0.03589167818427086,0.44306716322898865
3,102,14353,5340,0.06271574646234512,0.5253995060920715
4,102,14353,5340,0.03189651295542717,0.519572913646698
5,102,14353,5340,0.030572660267353058,0.5864308476448059
6,102,14353,5340,0.03164118900895119,0.6266821026802063
7,102,14353,5340,0.0394967682659626,0.6794374585151672
8,102,14353,5340,0.046920377761125565,0.6738912463188171
9,102,14353,5340,0.06034831702709198,0.6736166477203369
10,102,14353,5340,0.08148851990699768,0.5797644853591919
11,102,14353,5340,0.4161905348300934,0.5622643828392029
0,103,14353,5264,0.017434129491448402,0.7693397402763367
1,103,14353,5264,0.02232746221125126,0.3431307077407837
2,103,14353,5264,0.03612320497632027,0.4373212158679962
3,103,14353,5264,0.06491299718618393,0.5180241465568542
4,103,14353,5264,0.03172793611884117,0.517106831073761
5,103,14353,5264,0.030397797003388405,0.5896117687225342
6,103,14353,5264,0.03148041293025017,0.6287463307380676
7,103,14353,5264,0.039430078119039536,0.6770560145378113
8,103,14353,5264,0.04692409560084343,0.6707630157470703
9,103,14353,5264,0.06027935817837715,0.6737732887268066
10,103,14353,5264,0.08073780685663223,0.5806808471679688
11,103,14353,5264,0.4302549362182617,0.565043568611145
0,104,14353,5254,0.017254739999771118,0.7701409459114075
1,104,14353,5254,0.02219594456255436,0.3489454984664917
2,104,14353,5254,0.03600409999489784,0.44500041007995605
3,104,14353,5254,0.0634780004620552,0.52694171667099
4,104,14353,5254,0.03175269439816475,0.5219597220420837
5,104,14353,5254,0.030556315556168556,0.5853817462921143
6,104,14353,5254,0.03175441175699234,0.625187337398529
7,104,14353,5254,0.039452582597732544,0.6780163645744324
8,104,14353,5254,0.04694017767906189,0.6739189624786377
9,104,14353,5254,0.059959158301353455,0.6773611903190613
10,104,14353,5254,0.08099658042192459,0.5830764770507812
11,104,14353,5254,0.4034799635410309,0.558232307434082
0,105,14353,5259,0.0176517553627491,0.7676093578338623
1,105,14353,5259,0.022522246465086937,0.3396120071411133
2,105,14353,5259,0.036657556891441345,0.4426192343235016
3,105,14353,5259,0.06722050160169601,0.5272979736328125
4,105,14353,5259,0.03203418478369713,0.5180282592773438
5,105,14353,5259,0.03053305111825466,0.5870620608329773
6,105,14353,5259,0.031939297914505005,0.6301116347312927
7,105,14353,5259,0.039638739079236984,0.6848337650299072
8,105,14353,5259,0.04726027324795723,0.6773603558540344
9,105,14353,5259,0.06069478392601013,0.6772511601448059
10,105,14353,5259,0.08154464513063431,0.5819558501243591
11,105,14353,5259,0.4197569191455841,0.5560441613197327
0,106,14353,5274,0.017290091142058372,0.7696569561958313
1,106,14353,5274,0.022609492763876915,0.3503437042236328
2,106,14353,5274,0.03622279688715935,0.44688764214515686
3,106,14353,5274,0.06228981539607048,0.5291103720664978
4,106,14353,5274,0.032136257737874985,0.5194736123085022
5,106,14353,5274,0.030486807227134705,0.5866374373435974
6,106,14353,5274,0.031837474554777145,0.6288390755653381
7,106,14353,5274,0.039502885192632675,0.6813899874687195
8,106,14353,5274,0.046756405383348465,0.6707386374473572
9,106,14353,5274,0.060201991349458694,0.6721611618995667
10,106,14353,5274,0.08078444004058838,0.5827540755271912
11,106,14353,5274,0.4205583333969116,0.5704247355461121
0,107,14353,5253,0.017566872760653496,0.7675215601921082
1,107,14353,5253,0.022620530799031258,0.3369486331939697
2,107,14353,5253,0.03622668981552124,0.4320122301578522
3,107,14353,5253,0.06353624910116196,0.5120523571968079
4,107,14353,5253,0.03225948289036751,0.5145204663276672
5,107,14353,5253,0.03066040389239788,0.584839403629303
6,107,14353,5253,0.031813908368349075,0.62729811668396
7,107,14353,5253,0.039831388741731644,0.6807802319526672
8,107,14353,5253,0.04690038040280342,0.6746165156364441
9,107,14353,5253,0.059891391545534134,0.674149751663208
10,107,14353,5253,0.08050116151571274,0.5789170265197754
11,107,14353,5253,0.43138882517814636,0.5646900534629822
0,108,14353,5234,0.01723628304898739,0.7712308764457703
1,108,14353,5234,0.022259803488850594,0.34901514649391174
2,108,14353,5234,0.03615241125226021,0.4446645677089691
3,108,14353,5234,0.06248022988438606,0.5278066992759705
4,108,14353,5234,0.031858038157224655,0.5191195011138916
5,108,14353,5234,0.030561799183487892,0.5866007208824158
6,108,14353,5234,0.03186771646142006,0.6257555484771729
7,108,14353,5234,0.03954346477985382,0.6789835095405579
8,108,14353,5234,0.04718094691634178,0.6713156700134277
9,108,14353,5234,0.06034151837229729,0.6741504669189453
10,108,14353,5234,0.08157479017972946,0.5806559324264526
11,108,14353,5234,0.43203917145729065,0.5666012167930603
0,109,14353,5287,0.01733504794538021,0.7707489132881165
1,109,14353,5287,0.022500956431031227,0.34776511788368225
2,109,14353,5287,0.03604155778884888,0.4492317736148834
3,109,14353,5287,0.06593716144561768,0.5274505615234375
4,109,14353,5287,0.03208586573600769,0.5189961791038513
5,109,14353,5287,0.030638298019766808,0.586625337600708
6,109,14353,5287,0.031821366399526596,0.626054584980011
7,109,14353,5287,0.039815664291381836,0.6772821545600891
8,109,14353,5287,0.04671647027134895,0.6736600399017334
9,109,14353,5287,0.06016765162348747,0.6741049885749817
10,109,14353,5287,0.08120600134134293,0.5811240673065186
11,109,14353,5287,0.4210093319416046,0.5748152136802673
0,110,14353,5347,0.017360275611281395,0.7697944641113281
1,110,14353,5347,0.022175880149006844,0.34360066056251526
2,110,14353,5347,0.036433544009923935,0.4414195120334625
3,110,14353,5347,0.06547657400369644,0.52198725938797
4,110,14353,5347,0.0322684682905674,0.5179269313812256
5,110,14353,5347,0.030883461236953735,0.5864858627319336
6,110,14353,5347,0.03211521357297897,0.6264089941978455
7,110,14353,5347,0.03976072743535042,0.682415783405304
8,110,14353,5347,0.04715479537844658,0.675936222076416
9,110,14353,5347,0.0599883496761322,0.676990807056427
10,110,14353,5347,0.08089077472686768,0.5803754925727844
11,110,14353,5347,0.42372727394104004,0.5553914904594421
0,111,14353,5255,0.017512882128357887,0.7675480842590332
1,111,14353,5255,0.022690897807478905,0.3405282199382782
2,111,14353,5255,0.03617572784423828,0.4398714601993561
3,111,14353,5255,0.06210928037762642,0.5233893394470215
4,111,14353,5255,0.03204084560275078,0.5161216855049133
5,111,14353,5255,0.030720116570591927,0.5824488997459412
6,111,14353,5255,0.03183399513363838,0.6247543692588806
7,111,14353,5255,0.03995000943541527,0.6772218346595764
8,111,14353,5255,0.04704299569129944,0.6714639663696289
9,111,14353,5255,0.06024017930030823,0.672919750213623
10,111,14353,5255,0.0810474082827568,0.57977694272995
11,111,14353,5255,0.41263696551322937,0.5622007846832275
0,112,14353,5254,0.017421653494238853,0.770012617111206
1,112,14353,5254,0.022454312071204185,0.3456416130065918
2,112,14353,5254,0.03601427748799324,0.44633805751800537
3,112,14353,5254,0.0631524994969368,0.5276336073875427
4,112,14353,5254,0.03186840936541557,0.5181167721748352
5,112,14353,5254,0.03025967814028263,0.5853047966957092
6,112,14353,5254,0.03162803873419762,0.6251370310783386
7,112,14353,5254,0.03973757103085518,0.676596462726593
8,112,14353,5254,0.046750206500291824,0.6706998944282532
9,112,14353,5254,0.059946950525045395,0.6729654669761658
10,112,14353,5254,0.08081215620040894,0.5814061760902405
11,112,14353,5254,0.4209057092666626,0.5454681515693665
0,113,14353,5294,0.017428670078516006,0.7705362439155579
1,113,14353,5294,0.02267017960548401,0.34564152359962463
2,113,14353,5294,0.036485251039266586,0.4433632791042328
3,113,14353,5294,0.06533585488796234,0.5239105224609375
4,113,14353,5294,0.03182786703109741,0.5192473530769348
5,113,14353,5294,0.030519774183630943,0.5880670547485352
6,113,14353,5294,0.03179224580526352,0.6289061903953552
7,113,14353,5294,0.039579618722200394,0.6801474690437317
8,113,14353,5294,0.04726889729499817,0.6730687618255615
9,113,14353,5294,0.06053126975893974,0.6735725402832031
10,113,14353,5294,0.08142462372779846,0.5810074210166931
11,113,14353,5294,0.4201819896697998,0.5662575364112854
0,114,14353,5240,0.017446735873818398,0.7682494521141052
1,114,14353,5240,0.023293228819966316,0.34358111023902893
2,114,14353,5240,0.03648875653743744,0.4420389235019684
3,114,14353,5240,0.06565016508102417,0.51845782995224
4,114,14353,5240,0.03203432261943817,0.5174765586853027
5,114,14353,5240,0.03059515915811062,0.5845175981521606
6,114,14353,5240,0.03188207745552063,0.6273105144500732
7,114,14353,5240,0.03978646919131279,0.6796115040779114
8,114,14353,5240,0.047168511897325516,0.6735416054725647
9,114,14353,5240,0.060754429548978806,0.6746783256530762
10,114,14353,5240,0.08163084834814072,0.5805922150611877
11,114,14353,5240,0.4319150447845459,0.5633289217948914
0,115,14353,5203,0.01713881827890873,0.7719590067863464
1,115,14353,5203,0.022295624017715454,0.34632518887519836
2,115,14353,5203,0.035568010061979294,0.437893271446228
3,115,14353,5203,0.060594797134399414,0.5131796002388
4,115,14353,5203,0.031844690442085266,0.5189652442932129
5,115,14353,5203,0.030644452199339867,0.5857160687446594
6,115,14353,5203,0.03186308592557907,0.6269493699073792
7,115,14353,5203,0.03986788168549538,0.675377368927002
8,115,14353,5203,0.047184307128190994,0.6692845225334167
9,115,14353,5203,0.06049501895904541,0.6742959022521973
10,115,14353,5203,0.0814264565706253,0.5805562138557434
11,115,14353,5203,0.4385389983654022,0.5625186562538147
0,116,14353,5268,0.017672739923000336,0.7667890191078186
1,116,14353,5268,0.022803694009780884,0.33956101536750793
2,116,14353,5268,0.0364285483956337,0.43916669487953186
3,116,14353,5268,0.06565035879611969,0.5181787610054016
4,116,14353,5268,0.03204109147191048,0.5153953433036804
5,116,14353,5268,0.030532196164131165,0.5828139781951904
6,116,14353,5268,0.03199135139584541,0.6203058362007141
7,116,14353,5268,0.03963927924633026,0.6730582118034363
8,116,14353,5268,0.0473579578101635,0.6696767807006836
9,116,14353,5268,0.06038674712181091,0.6727728843688965
10,116,14353,5268,0.0808357298374176,0.577411413192749
11,116,14353,5268,0.42816224694252014,0.5616204738616943
0,117,14353,5276,0.01767471432685852,0.7687531113624573
1,117,14353,5276,0.02297287993133068,0.3426772654056549
2,117,14353,5276,0.03692301735281944,0.4458794891834259
3,117,14353,5276,0.06345444172620773,0.5340733528137207
4,117,14353,5276,0.032212790101766586,0.5187888145446777
5,117,14353,5276,0.030534779652953148,0.5868999361991882
6,117,14353,5276,0.03202679380774498,0.6268747448921204
7,117,14353,5276,0.03976111486554146,0.6836180686950684
8,117,14353,5276,0.04705016687512398,0.6742575764656067
9,117,14353,5276,0.060170311480760574,0.6724284291267395
10,117,14353,5276,0.0806063860654831,0.5823050737380981
11,117,14353,5276,0.4132438600063324,0.5596511960029602
0,118,14353,5227,0.017176834866404533,0.7704383730888367
1,118,14353,5227,0.02246812917292118,0.35373398661613464
2,118,14353,5227,0.03595170006155968,0.45363470911979675
3,118,14353,5227,0.06202922761440277,0.5384812355041504
4,118,14353,5227,0.03180540353059769,0.5206637382507324
5,118,14353,5227,0.030312063172459602,0.5887418389320374
6,118,14353,5227,0.03166103735566139,0.6319101452827454
7,118,14353,5227,0.039248254150152206,0.6827589869499207
8,118,14353,5227,0.04669640585780144,0.6752409934997559
9,118,14353,5227,0.05978737771511078,0.6778287887573242
10,118,14353,5227,0.08032174408435822,0.5842048525810242
11,118,14353,5227,0.4096265733242035,0.554326593875885
0,119,14353,5303,0.01728135533630848,0.7718655467033386
1,119,14353,5303,0.022165820002555847,0.3463500440120697
2,119,14353,5303,0.03575216978788376,0.4437936842441559
3,119,14353,5303,0.06160992383956909,0.5225889682769775
4,119,14353,5303,0.03207023814320564,0.5181276202201843
5,119,14353,5303,0.03044489212334156,0.5845922231674194
6,119,14353,5303,0.031896140426397324,0.6246355772018433
7,119,14353,5303,0.039719462394714355,0.6804822087287903
8,119,14353,5303,0.04687471687793732,0.6727049350738525
9,119,14353,5303,0.06027097627520561,0.675009548664093
10,119,14353,5303,0.08080247044563293,0.5805502533912659
11,119,14353,5303,0.41274726390838623,0.5566781163215637
0,120,14353,5357,0.017603224143385887,0.7670329213142395
1,120,14353,5357,0.022702494636178017,0.3435691297054291
2,120,14353,5357,0.036383435130119324,0.4465882480144501
3,120,14353,5357,0.06541765481233597,0.5288054347038269
4,120,14353,5357,0.03210835158824921,0.5183290839195251
5,120,14353,5357,0.03070179373025894,0.5854514241218567
6,120,14353,5357,0.03194813057780266,0.6276891827583313
7,120,14353,5357,0.040092334151268005,0.6812708973884583
8,120,14353,5357,0.04711444675922394,0.6773778796195984
9,120,14353,5357,0.06044315919280052,0.6762053966522217
10,120,14353,5357,0.08170688152313232,0.5820561051368713
11,120,14353,5357,0.4098004400730133,0.5712406039237976
0,121,14353,5268,0.01735171675682068,0.770244300365448
1,121,14353,5268,0.022148311138153076,0.3470117151737213
2,121,14353,5268,0.035608965903520584,0.4431670606136322
3,121,14353,5268,0.06238648667931557,0.5233252644538879
4,121,14353,5268,0.031724974513053894,0.519160807132721
5,121,14353,5268,0.03017948567867279,0.5890575051307678
6,121,14353,5268,0.03162796422839165,0.6276342868804932
7,121,14353,5268,0.03941093012690544,0.6805649399757385
8,121,14353,5268,0.04669490456581116,0.6719509959220886
9,121,14353,5268,0.0598776750266552,0.6752017140388489
10,121,14353,5268,0.0804746076464653,0.5843468308448792
11,121,14353,5268,0.4266141951084137,0.5706989169120789
0,122,14353,5306,0.01772090420126915,0.7659414410591125
1,122,14353,5306,0.022785818204283714,0.33906039595603943
2,122,14353,5306,0.0365864522755146,0.4405447542667389
3,122,14353,5306,0.06457918137311935,0.524318277835846
4,122,14353,5306,0.031995099037885666,0.5194041132926941
5,122,14353,5306,0.030596429482102394,0.5836517214775085
6,122,14353,5306,0.032118406146764755,0.6240836977958679
7,122,14353,5306,0.039794713258743286,0.6798458099365234
8,122,14353,5306,0.04705021157860756,0.6712610125541687
9,122,14353,5306,0.06073129549622536,0.6713966727256775
10,122,14353,5306,0.08163293451070786,0.5804657936096191
11,122,14353,5306,0.4298670291900635,0.558804988861084
0,123,14353,5260,0.017545312643051147,0.767800509929657
1,123,14353,5260,0.022459426894783974,0.3435691297054291
2,123,14353,5260,0.03638092800974846,0.4451824426651001
3,123,14353,5260,0.06301480531692505,0.5321235060691833
4,123,14353,5260,0.03193047642707825,0.5193947553634644
5,123,14353,5260,0.030525339767336845,0.5880395770072937
6,123,14353,5260,0.03182629868388176,0.628942608833313
7,123,14353,5260,0.03938001021742821,0.6768651008605957
8,123,14353,5260,0.046932075172662735,0.6713483929634094
9,123,14353,5260,0.06020784378051758,0.6743621230125427
10,123,14353,5260,0.08065558224916458,0.5821283459663391
11,123,14353,5260,0.42270782589912415,0.5606346130371094
0,124,14353,5245,0.01750209741294384,0.7691354751586914
1,124,14353,5245,0.022583024576306343,0.3434959948062897
2,124,14353,5245,0.03617114946246147,0.4422825872898102
3,124,14353,5245,0.062260884791612625,0.5267252922058105
4,124,14353,5245,0.03205018863081932,0.5177093744277954
5,124,14353,5245,0.030480435118079185,0.5854365825653076
6,124,14353,5245,0.031958527863025665,0.624273955821991
7,124,14353,5245,0.03957776725292206,0.6781943440437317
8,124,14353,5245,0.04709666967391968,0.673797070980072
9,124,14353,5245,0.06019127741456032,0.6746832728385925
10,124,14353,5245,0.08112936466932297,0.5816298723220825
11,124,14353,5245,0.42672356963157654,0.5614493489265442
0,125,14353,5204,0.017065420746803284,0.7723919749259949
1,125,14353,5204,0.022111529484391212,0.35468292236328125
2,125,14353,5204,0.03544360026717186,0.4500824511051178
3,125,14353,5204,0.06356281042098999,0.5282875299453735
4,125,14353,5204,0.031778547912836075,0.5208621621131897
5,125,14353,5204,0.030563870444893837,0.5895624756813049
6,125,14353,5204,0.031729429960250854,0.6275491118431091
7,125,14353,5204,0.03947315737605095,0.6781217455863953
8,125,14353,5204,0.04686529561877251,0.6714858412742615
9,125,14353,5204,0.06009606644511223,0.674389123916626
10,125,14353,5204,0.081087626516819,0.5835397839546204
11,125,14353,5204,0.4294310510158539,0.5572471618652344
0,126,14353,5322,0.017853418365120888,0.7656469345092773
1,126,14353,5322,0.023071199655532837,0.3408757150173187
2,126,14353,5322,0.03661397099494934,0.44220396876335144
3,126,14353,5322,0.06329263746738434,0.528994619846344
4,126,14353,5322,0.03237149864435196,0.5166719555854797
5,126,14353,5322,0.0307642612606287,0.5845372676849365
6,126,14353,5322,0.032064054161310196,0.6255646347999573
7,126,14353,5322,0.039730098098516464,0.6810429096221924
8,126,14353,5322,0.04705098643898964,0.6733529567718506
9,126,14353,5322,0.060530971735715866,0.6727504730224609
10,126,14353,5322,0.0815742090344429,0.5811802744865417
11,126,14353,5322,0.42212486267089844,0.5462135076522827
0,127,14353,5247,0.017547085881233215,0.7679314613342285
1,127,14353,5247,0.02253475785255432,0.34113290905952454
2,127,14353,5247,0.035978302359580994,0.4389660358428955
3,127,14353,5247,0.06279617547988892,0.516770601272583
4,127,14353,5247,0.031881630420684814,0.5169567465782166
5,127,14353,5247,0.030551353469491005,0.5854350924491882
6,127,14353,5247,0.031763363629579544,0.6250079274177551
7,127,14353,5247,0.03992139920592308,0.6779455542564392
8,127,14353,5247,0.04695236682891846,0.6715204119682312
9,127,14353,5247,0.06064223125576973,0.6719885468482971
10,127,14353,5247,0.08123976737260818,0.5797013640403748
11,127,14353,5247,0.4136156141757965,0.5608107447624207
0,128,14353,5334,0.01774044893682003,0.7677116394042969
1,128,14353,5334,0.02302064560353756,0.3355584144592285
2,128,14353,5334,0.03677437826991081,0.4439578056335449
3,128,14353,5334,0.06555288285017014,0.5267794132232666
4,128,14353,5334,0.0321611650288105,0.5154020190238953
5,128,14353,5334,0.030876563861966133,0.5868129730224609
6,128,14353,5334,0.03213787078857422,0.6268985271453857
7,128,14353,5334,0.03998347371816635,0.678037166595459
8,128,14353,5334,0.047231901437044144,0.6744266152381897
9,128,14353,5334,0.060550156980752945,0.6736068725585938
10,128,14353,5334,0.08133042603731155,0.5801597237586975
11,128,14353,5334,0.41709980368614197,0.569147527217865
0,129,14353,5243,0.017312560230493546,0.7693257927894592
1,129,14353,5243,0.02270101010799408,0.3470497131347656
2,129,14353,5243,0.036054037511348724,0.4449979066848755
3,129,14353,5243,0.06282012909650803,0.523374617099762
4,129,14353,5243,0.031887248158454895,0.5194869637489319
5,129,14353,5243,0.0304080992937088,0.5852211117744446
6,129,14353,5243,0.03151654824614525,0.6260835528373718
7,129,14353,5243,0.03961937129497528,0.6777810454368591
8,129,14353,5243,0.04684905335307121,0.6746105551719666
9,129,14353,5243,0.06011013314127922,0.6746683716773987
10,129,14353,5243,0.08132726699113846,0.5795201659202576
11,129,14353,5243,0.43132543563842773,0.5570339560508728
0,130,14353,5291,0.017427096143364906,0.7691879272460938
1,130,14353,5291,0.02250472642481327,0.340430349111557
2,130,14353,5291,0.036424312740564346,0.4366590082645416
3,130,14353,5291,0.06282368302345276,0.5173760056495667
4,130,14353,5291,0.03200724348425865,0.5190313458442688
5,130,14353,5291,0.0306171253323555,0.5850122570991516
6,130,14353,5291,0.031657516956329346,0.6258607506752014
7,130,14353,5291,0.0397430844604969,0.681115448474884
8,130,14353,5291,0.047257740050554276,0.6746366024017334
9,130,14353,5291,0.060292478650808334,0.676021158695221
10,130,14353,5291,0.08126690238714218,0.5796969532966614
11,130,14353,5291,0.42279160022735596,0.5505124926567078
0,131,14353,5281,0.01734679378569126,0.7687785029411316
1,131,14353,5281,0.022458938881754875,0.34405556321144104
2,131,14353,5281,0.036222800612449646,0.4382150173187256
3,131,14353,5281,0.0639372318983078,0.5196933150291443
4,131,14353,5281,0.0319574810564518,0.5173836946487427
5,131,14353,5281,0.03054250217974186,0.5861761569976807
6,131,14353,5281,0.03185335919260979,0.6252689361572266
7,131,14353,5281,0.039697956293821335,0.6790083050727844
8,131,14353,5281,0.0470830537378788,0.6673939824104309
9,131,14353,5281,0.06025881692767143,0.6703534722328186
10,131,14353,5281,0.08133877068758011,0.5775324702262878
11,131,14353,5281,0.42427101731300354,0.5488793849945068
0,132,14353,5316,0.017501967027783394,0.768145740032196
1,132,14353,5316,0.02275952883064747,0.3439605236053467
2,132,14353,5316,0.03650465980172157,0.44807660579681396
3,132,14353,5316,0.06601215153932571,0.5321419835090637
4,132,14353,5316,0.03194818273186684,0.5183835029602051
5,132,14353,5316,0.0305697713047266,0.587047278881073
6,132,14353,5316,0.03177066519856453,0.6278389096260071
7,132,14353,5316,0.03980092331767082,0.6793686747550964
8,132,14353,5316,0.04709276556968689,0.6754660606384277
9,132,14353,5316,0.06010118126869202,0.6751601099967957
10,132,14353,5316,0.08110076934099197,0.5824021697044373
11,132,14353,5316,0.4414665997028351,0.5529430508613586
0,133,14353,5290,0.017490608617663383,0.7678695321083069
1,133,14353,5290,0.02255898155272007,0.3415127992630005
2,133,14353,5290,0.03621362894773483,0.4444214403629303
3,133,14353,5290,0.06349483132362366,0.5261626839637756
4,133,14353,5290,0.031891580671072006,0.5192323327064514
5,133,14353,5290,0.030316108837723732,0.590099573135376
6,133,14353,5290,0.03159521520137787,0.6296399235725403
7,133,14353,5290,0.039652518928050995,0.6796507239341736
8,133,14353,5290,0.04678419232368469,0.6729338765144348
9,133,14353,5290,0.05980711057782173,0.674842357635498
10,133,14353,5290,0.08076874166727066,0.5819613337516785
11,133,14353,5290,0.42635098099708557,0.5628812313079834
0,134,14353,5298,0.017389437183737755,0.7687756419181824
1,134,14353,5298,0.022433103993535042,0.34362325072288513
2,134,14353,5298,0.03624562546610832,0.4427332878112793
3,134,14353,5298,0.06517815589904785,0.5235092639923096
4,134,14353,5298,0.032217204570770264,0.5182093977928162
5,134,14353,5298,0.030411316081881523,0.5900135040283203
6,134,14353,5298,0.0321485660970211,0.6255567669868469
7,134,14353,5298,0.03972671180963516,0.6806033253669739
8,134,14353,5298,0.0471278540790081,0.6722445487976074
9,134,14353,5298,0.060483675450086594,0.6722210049629211
10,134,14353,5298,0.08149224519729614,0.5797652006149292
11,134,14353,5298,0.42299604415893555,0.5610343813896179
0,135,14353,5285,0.017709221690893173,0.7666756510734558
1,135,14353,5285,0.022594749927520752,0.3418835699558258
2,135,14353,5285,0.03659534454345703,0.44242778420448303
3,135,14353,5285,0.06430982798337936,0.5276620984077454
4,135,14353,5285,0.032066721469163895,0.5168145895004272
5,135,14353,5285,0.03058503568172455,0.5835232138633728
6,135,14353,5285,0.03202134743332863,0.6258999705314636
7,135,14353,5285,0.03982695937156677,0.6796438097953796
8,135,14353,5285,0.04703415930271149,0.6745266914367676
9,135,14353,5285,0.06033533811569214,0.6738995909690857
10,135,14353,5285,0.0815424695611,0.5785064697265625
11,135,14353,5285,0.4187513589859009,0.5485399961471558
0,136,14353,5303,0.017422040924429893,0.7683773040771484
1,136,14353,5303,0.02272552251815796,0.3469978868961334
2,136,14353,5303,0.03584027662873268,0.44828614592552185
3,136,14353,5303,0.06417921930551529,0.5301284193992615
4,136,14353,5303,0.03160178288817406,0.5224834084510803
5,136,14353,5303,0.03036569617688656,0.5894978642463684
6,136,14353,5303,0.03150893747806549,0.6285327076911926
7,136,14353,5303,0.03959958627820015,0.6768186092376709
8,136,14353,5303,0.04707476496696472,0.6739314198493958
9,136,14353,5303,0.059952061623334885,0.6759588122367859
10,136,14353,5303,0.08111102879047394,0.5837821960449219
11,136,14353,5303,0.4347856342792511,0.549034059047699
0,137,14353,5260,0.0170624777674675,0.7719890475273132
1,137,14353,5260,0.022381573915481567,0.3528617322444916
2,137,14353,5260,0.035745132714509964,0.45326077938079834
3,137,14353,5260,0.06389119476079941,0.5343784689903259
4,137,14353,5260,0.031782422214746475,0.5214464664459229
5,137,14353,5260,0.03048146702349186,0.5889315605163574
6,137,14353,5260,0.031787578016519547,0.6283326148986816
7,137,14353,5260,0.03940190002322197,0.6811477541923523
8,137,14353,5260,0.046820517629384995,0.6742985248565674
9,137,14353,5260,0.05985794588923454,0.6767991185188293
10,137,14353,5260,0.08032888174057007,0.5830433368682861
11,137,14353,5260,0.4262913167476654,0.5655533075332642
0,138,14353,5340,0.01748543605208397,0.7682784199714661
1,138,14353,5340,0.022541889920830727,0.34695401787757874
2,138,14353,5340,0.03613043203949928,0.4456672668457031
3,138,14353,5340,0.06301938742399216,0.5247106552124023
4,138,14353,5340,0.03216170147061348,0.5164093375205994
5,138,14353,5340,0.030773764476180077,0.5832443833351135
6,138,14353,5340,0.03189338371157646,0.6253768801689148
7,138,14353,5340,0.03965106979012489,0.6795318126678467
8,138,14353,5340,0.046990275382995605,0.6741254925727844
9,138,14353,5340,0.06015796959400177,0.6769061088562012
10,138,14353,5340,0.08084072172641754,0.5836997032165527
11,138,14353,5340,0.4266628324985504,0.5586884021759033
0,139,14353,5226,0.017431039363145828,0.7695667743682861
1,139,14353,5226,0.02260344661772251,0.34228515625
2,139,14353,5226,0.03652297332882881,0.4466415345668793
3,139,14353,5226,0.06425249576568604,0.5346354842185974
4,139,14353,5226,0.03183389827609062,0.5185069441795349
5,139,14353,5226,0.030466636642813683,0.5868630409240723
6,139,14353,5226,0.03165220096707344,0.6307237148284912
7,139,14353,5226,0.039683785289525986,0.6778461337089539
8,139,14353,5226,0.046922314912080765,0.6719059944152832
9,139,14353,5226,0.060304686427116394,0.6738651394844055
10,139,14353,5226,0.08146589249372482,0.5831394791603088
11,139,14353,5226,0.4248964786529541,0.5576748847961426
0,140,14353,5307,0.01739255152642727,0.76901775598526
1,140,14353,5307,0.022657081484794617,0.34345176815986633
2,140,14353,5307,0.036091726273298264,0.44745466113090515
3,140,14353,5307,0.06371702998876572,0.5327363014221191
4,140,14353,5307,0.03177876025438309,0.5191988348960876
5,140,14353,5307,0.03050297498703003,0.5889396071434021
6,140,14353,5307,0.03173864260315895,0.6299771070480347
7,140,14353,5307,0.03975476697087288,0.6806526184082031
8,140,14353,5307,0.047366056591272354,0.6745489239692688
9,140,14353,5307,0.0604671947658062,0.6729480624198914
10,140,14353,5307,0.08162975311279297,0.5796718001365662
11,140,14353,5307,0.48307037353515625,0.5303405523300171
0,141,14353,5308,0.017855072394013405,0.7647262215614319
1,141,14353,5308,0.023037636652588844,0.33684420585632324
2,141,14353,5308,0.036982614547014236,0.4434645473957062
3,141,14353,5308,0.06393834948539734,0.5333590507507324
4,141,14353,5308,0.03221912309527397,0.5165324807167053
5,141,14353,5308,0.030737176537513733,0.5840068459510803
6,141,14353,5308,0.03216058760881424,0.6241443157196045
7,141,14353,5308,0.039965637028217316,0.6767290234565735
8,141,14353,5308,0.04740111157298088,0.6685145497322083
9,141,14353,5308,0.06058378890156746,0.6713018417358398
10,141,14353,5308,0.08157403022050858,0.5795240998268127
11,141,14353,5308,0.42001447081565857,0.552119255065918
0,142,14353,5287,0.01750072091817856,0.7681798338890076
1,142,14353,5287,0.022668585181236267,0.34168004989624023
2,142,14353,5287,0.03658856078982353,0.4422551691532135
3,142,14353,5287,0.06611862778663635,0.5238174796104431
4,142,14353,5287,0.032040711492300034,0.5182991623878479
5,142,14353,5287,0.030519334599375725,0.5883774161338806
6,142,14353,5287,0.03190329298377037,0.6275897026062012
7,142,14353,5287,0.039748918265104294,0.6816134452819824
8,142,14353,5287,0.04714646562933922,0.6747117042541504
9,142,14353,5287,0.06025509536266327,0.6758861541748047
10,142,14353,5287,0.0813218280673027,0.5811794400215149
11,142,14353,5287,0.4320873022079468,0.5616815090179443
0,143,14353,5325,0.017307674512267113,0.7692196369171143
1,143,14353,5325,0.022734006866812706,0.3495735824108124
2,143,14353,5325,0.0359223298728466,0.45158860087394714
3,143,14353,5325,0.06307630985975266,0.5308195948600769
4,143,14353,5325,0.031770970672369,0.521439790725708
5,143,14353,5325,0.030376233160495758,0.5892510414123535
6,143,14353,5325,0.03185451403260231,0.6302053928375244
7,143,14353,5325,0.03990517184138298,0.67962646484375
8,143,14353,5325,0.04713398218154907,0.6726579070091248
9,143,14353,5325,0.0606205016374588,0.6750845313072205
10,143,14353,5325,0.08105053007602692,0.5832686424255371
11,143,14353,5325,0.40692663192749023,0.5666843056678772
0,144,14353,5329,0.017544036731123924,0.7685534358024597
1,144,14353,5329,0.022452713921666145,0.34444451332092285
2,144,14353,5329,0.03644363582134247,0.4439781606197357
3,144,14353,5329,0.06412814557552338,0.5291216969490051
4,144,14353,5329,0.032074641436338425,0.5184686779975891
5,144,14353,5329,0.03065512329339981,0.5884056091308594
6,144,14353,5329,0.03194933757185936,0.6281177401542664
7,144,14353,5329,0.03988621383905411,0.6797448992729187
8,144,14353,5329,0.04724559560418129,0.6731951832771301
9,144,14353,5329,0.06024843826889992,0.6766161322593689
10,144,14353,5329,0.08108600974082947,0.5805086493492126
11,144,14353,5329,0.41242337226867676,0.5640329718589783
0,145,14353,5276,0.01764681376516819,0.7671239972114563
1,145,14353,5276,0.02290775440633297,0.33786043524742126
2,145,14353,5276,0.0367841012775898,0.4399440288543701
3,145,14353,5276,0.06400159001350403,0.528918981552124
4,145,14353,5276,0.03223000466823578,0.5153872966766357
5,145,14353,5276,0.030879005789756775,0.5848419070243835
6,145,14353,5276,0.03182903304696083,0.6283923983573914
7,145,14353,5276,0.039899181574583054,0.677340030670166
8,145,14353,5276,0.04754447937011719,0.6710612177848816
9,145,14353,5276,0.06096895411610603,0.672214925289154
10,145,14353,5276,0.08186479657888412,0.5798546671867371
11,145,14353,5276,0.44963279366493225,0.5612480044364929
0,146,14353,5359,0.017734890803694725,0.7683777809143066
1,146,14353,5359,0.022693486884236336,0.3313031494617462
2,146,14353,5359,0.036780793219804764,0.4345311224460602
3,146,14353,5359,0.06662451475858688,0.5206788182258606
4,146,14353,5359,0.032031234353780746,0.5157318711280823
5,146,14353,5359,0.030602799728512764,0.5837554335594177
6,146,14353,5359,0.0318378210067749,0.6233258247375488
7,146,14353,5359,0.039751049131155014,0.6747520565986633
8,146,14353,5359,0.04693247750401497,0.6710169315338135
9,146,14353,5359,0.06056391820311546,0.6702747344970703
10,146,14353,5359,0.08192700892686844,0.5774405002593994
11,146,14353,5359,0.41999712586402893,0.5565852522850037
0,147,14353,5296,0.017231592908501625,0.7711176872253418
1,147,14353,5296,0.022507688030600548,0.35366901755332947
2,147,14353,5296,0.03620794788002968,0.4478814899921417
3,147,14353,5296,0.06412971019744873,0.5227283835411072
4,147,14353,5296,0.03195556625723839,0.5189990997314453
5,147,14353,5296,0.03052189014852047,0.5862260460853577
6,147,14353,5296,0.031741488724946976,0.6266272664070129
7,147,14353,5296,0.039439525455236435,0.6780591011047363
8,147,14353,5296,0.046968769282102585,0.6729989647865295
9,147,14353,5296,0.060141876339912415,0.6742895245552063
10,147,14353,5296,0.08093682676553726,0.5810061097145081
11,147,14353,5296,0.4195297658443451,0.5594835877418518
0,148,14353,5256,0.017504846677184105,0.7682830691337585
1,148,14353,5256,0.022649040445685387,0.34336352348327637
2,148,14353,5256,0.03682290017604828,0.44907379150390625
3,148,14353,5256,0.07105880230665207,0.5344467759132385
4,148,14353,5256,0.03200911357998848,0.5198377370834351
5,148,14353,5256,0.030678503215312958,0.5862858295440674
6,148,14353,5256,0.031930483877658844,0.6279674172401428
7,148,14353,5256,0.03973368927836418,0.6798483729362488
8,148,14353,5256,0.04691348597407341,0.6741639971733093
9,148,14353,5256,0.06032554432749748,0.6740447878837585
10,148,14353,5256,0.08113615959882736,0.5811192393302917
11,148,14353,5256,0.4214087724685669,0.5461443066596985
0,149,14353,5298,0.017490265890955925,0.7696498036384583
1,149,14353,5298,0.022612804546952248,0.34581708908081055
2,149,14353,5298,0.0364239476621151,0.44562578201293945
3,149,14353,5298,0.06352812051773071,0.5282239317893982
4,149,14353,5298,0.031820785254240036,0.5186946392059326
5,149,14353,5298,0.03046448715031147,0.5838374495506287
6,149,14353,5298,0.03182023763656616,0.62503981590271
7,149,14353,5298,0.03959234431385994,0.6746276021003723
8,149,14353,5298,0.04685423895716667,0.670525848865509
9,149,14353,5298,0.060323748737573624,0.6721627116203308
10,149,14353,5298,0.08120144158601761,0.5790215134620667
11,149,14353,5298,0.4062141478061676,0.5681317448616028
0,150,14353,5315,0.01751186139881611,0.7691133618354797
1,150,14353,5315,0.02276860922574997,0.339474081993103
2,150,14353,5315,0.035978931933641434,0.43696364760398865
3,150,14353,5315,0.06147162988781929,0.51492840051651
4,150,14353,5315,0.032110996544361115,0.5171151757240295
5,150,14353,5315,0.0305460374802351,0.5866888761520386
6,150,14353,5315,0.031894925981760025,0.6260204911231995
7,150,14353,5315,0.04003312066197395,0.6781495213508606
8,150,14353,5315,0.04708360508084297,0.671477735042572
9,150,14353,5315,0.0604294128715992,0.6704874634742737
10,150,14353,5315,0.08111532032489777,0.5770724415779114
11,150,14353,5315,0.4214683473110199,0.5684705376625061
0,151,14353,5262,0.017357999458909035,0.7711828351020813
1,151,14353,5262,0.0221287552267313,0.34594783186912537
2,151,14353,5262,0.035741377621889114,0.4471084773540497
3,151,14353,5262,0.06404105573892593,0.5261421203613281
4,151,14353,5262,0.031858306378126144,0.5188848972320557
5,151,14353,5262,0.03072589635848999,0.585807740688324
6,151,14353,5262,0.031916048377752304,0.6276922225952148
7,151,14353,5262,0.03955722227692604,0.681098461151123
8,151,14353,5262,0.0471109040081501,0.6738918423652649
9,151,14353,5262,0.06050414964556694,0.6744970679283142
10,151,14353,5262,0.08157417178153992,0.5807667374610901
11,151,14353,5262,0.4257155954837799,0.5630311369895935
0,152,14353,5256,0.017997439950704575,0.7628431916236877
1,152,14353,5256,0.023485124111175537,0.33894243836402893
2,152,14353,5256,0.03719082102179527,0.4431246519088745
3,152,14353,5256,0.06534004211425781,0.5355631709098816
4,152,14353,5256,0.03210225701332092,0.5184984803199768
5,152,14353,5256,0.03055928833782673,0.5846505165100098
6,152,14353,5256,0.03176748380064964,0.625495970249176
7,152,14353,5256,0.039503440260887146,0.6782598495483398
8,152,14353,5256,0.04683387279510498,0.6713171601295471
9,152,14353,5256,0.06021386384963989,0.6710433959960938
10,152,14353,5256,0.08102969080209732,0.5801628828048706
11,152,14353,5256,0.4103560447692871,0.5415109992027283
0,153,14353,5370,0.01786188967525959,0.7646244168281555
1,153,14353,5370,0.022779298946261406,0.33869490027427673
2,153,14353,5370,0.0365481935441494,0.43775293231010437
3,153,14353,5370,0.06305541098117828,0.5206053256988525
4,153,14353,5370,0.03237352520227432,0.5154540538787842
5,153,14353,5370,0.03090040571987629,0.5854103565216064
6,153,14353,5370,0.03215257450938225,0.6276988983154297
7,153,14353,5370,0.039896637201309204,0.6795892715454102
8,153,14353,5370,0.04720477759838104,0.6736568808555603
9,153,14353,5370,0.0607418455183506,0.6741185784339905
10,153,14353,5370,0.0816820040345192,0.5794380307197571
11,153,14353,5370,0.42690742015838623,0.5570118427276611
0,154,14353,5295,0.017569629475474358,0.7667312622070312
1,154,14353,5295,0.022743983194231987,0.3424452543258667
2,154,14353,5295,0.036555055528879166,0.44067803025245667
3,154,14353,5295,0.06395050883293152,0.5229447484016418
4,154,14353,5295,0.03207632526755333,0.5182070732116699
5,154,14353,5295,0.030682126060128212,0.5847262740135193
6,154,14353,5295,0.0319201685488224,0.6262447237968445
7,154,14353,5295,0.039866406470537186,0.676835298538208
8,154,14353,5295,0.04725222662091255,0.6721242070198059
9,154,14353,5295,0.06081032752990723,0.6709877848625183
10,154,14353,5295,0.08180887252092361,0.5778276324272156
11,154,14353,5295,0.4114503860473633,0.5455431938171387
0,155,14353,5260,0.0174883883446455,0.7673900723457336
1,155,14353,5260,0.022577548399567604,0.34309300780296326
2,155,14353,5260,0.03629395738244057,0.44212064146995544
3,155,14353,5260,0.0651545524597168,0.5239381194114685
4,155,14353,5260,0.031880442053079605,0.5203414559364319
5,155,14353,5260,0.030272984877228737,0.5891394019126892
6,155,14353,5260,0.03175678849220276,0.6274166703224182
7,155,14353,5260,0.03954725340008736,0.6804630160331726
8,155,14353,5260,0.04676799103617668,0.6746630072593689
9,155,14353,5260,0.05990496650338173,0.6759011149406433
10,155,14353,5260,0.0804905965924263,0.5831568241119385
11,155,14353,5260,0.4107450544834137,0.5586481690406799
0,156,14353,5246,0.0171059500426054,0.7725732922554016
1,156,14353,5246,0.02216697484254837,0.35048237442970276
2,156,14353,5246,0.03544427081942558,0.44822177290916443
3,156,14353,5246,0.06152019277215004,0.5260211825370789
4,156,14353,5246,0.031913358718156815,0.519805371761322
5,156,14353,5246,0.03045482374727726,0.5882644057273865
6,156,14353,5246,0.0316220223903656,0.6300046443939209
7,156,14353,5246,0.03975161537528038,0.6831790804862976
8,156,14353,5246,0.04688224568963051,0.6761382222175598
9,156,14353,5246,0.060099173337221146,0.6758847236633301
10,156,14353,5246,0.08104150742292404,0.5816558003425598
11,156,14353,5246,0.40245679020881653,0.5709037780761719
0,157,14353,5264,0.01735563576221466,0.7690696716308594
1,157,14353,5264,0.022354597225785255,0.3433210849761963
2,157,14353,5264,0.03631506860256195,0.44640788435935974
3,157,14353,5264,0.06471746414899826,0.5315948128700256
4,157,14353,5264,0.03170321136713028,0.5195865035057068
5,157,14353,5264,0.030451476573944092,0.590149462223053
6,157,14353,5264,0.03165614232420921,0.6294845938682556
7,157,14353,5264,0.03980565816164017,0.6791813373565674
8,157,14353,5264,0.04716840013861656,0.6721808314323425
9,157,14353,5264,0.06036336347460747,0.67439204454422
10,157,14353,5264,0.08147262036800385,0.5803585648536682
11,157,14353,5264,0.43926772475242615,0.5511235594749451
0,158,14353,5260,0.017442038282752037,0.7694781422615051
1,158,14353,5260,0.022812992334365845,0.34760531783103943
2,158,14353,5260,0.03611350432038307,0.44798803329467773
3,158,14353,5260,0.06328549236059189,0.530178964138031
4,158,14353,5260,0.03183254227042198,0.5202083587646484
5,158,14353,5260,0.030555671080946922,0.5883439779281616
6,158,14353,5260,0.031756095588207245,0.6292064189910889
7,158,14353,5260,0.03980002924799919,0.6806641221046448
8,158,14353,5260,0.047273557633161545,0.6735978722572327
9,158,14353,5260,0.06038303300738335,0.6750075221061707
10,158,14353,5260,0.08058804273605347,0.5828768014907837
11,158,14353,5260,0.4206526577472687,0.562092125415802
0,159,14353,5326,0.01764569990336895,0.7679028511047363
1,159,14353,5326,0.02298053540289402,0.34336957335472107
2,159,14353,5326,0.03630172088742256,0.4454421103000641
3,159,14353,5326,0.06453108042478561,0.5255383253097534
4,159,14353,5326,0.03213747963309288,0.5179488062858582
5,159,14353,5326,0.030588367953896523,0.589357316493988
6,159,14353,5326,0.03199286386370659,0.6287246346473694
7,159,14353,5326,0.039777595549821854,0.6798820495605469
8,159,14353,5326,0.04743948578834534,0.6744152903556824
9,159,14353,5326,0.0603705458343029,0.6769130825996399
10,159,14353,5326,0.08092785626649857,0.580319881439209
11,159,14353,5326,0.4331611692905426,0.5575459003448486
0,160,14353,5310,0.01748698763549328,0.7690569758415222
1,160,14353,5310,0.02276916615664959,0.3377962112426758
2,160,14353,5310,0.03607596084475517,0.43521371483802795
3,160,14353,5310,0.06376095861196518,0.5124655365943909
4,160,14353,5310,0.03196211904287338,0.5178244113922119
5,160,14353,5310,0.030401533469557762,0.5864819884300232
6,160,14353,5310,0.03198781609535217,0.6251713633537292
7,160,14353,5310,0.039712194353342056,0.6782810688018799
8,160,14353,5310,0.047026779502630234,0.6741554141044617
9,160,14353,5310,0.06017721816897392,0.6743896007537842
10,160,14353,5310,0.08104037493467331,0.5789473056793213
11,160,14353,5310,0.41584113240242004,0.5677850246429443
0,161,14353,5326,0.017377803102135658,0.7699921727180481
1,161,14353,5326,0.023183634504675865,0.3514108657836914
2,161,14353,5326,0.036110807210206985,0.45500966906547546
3,161,14353,5326,0.06342345476150513,0.5358513593673706
4,161,14353,5326,0.03198525682091713,0.5195991396903992
5,161,14353,5326,0.030556460842490196,0.5892025828361511
6,161,14353,5326,0.03169171139597893,0.6292555928230286
7,161,14353,5326,0.03991932049393654,0.6770283579826355
8,161,14353,5326,0.047292690724134445,0.6725537180900574
9,161,14353,5326,0.060293082147836685,0.6749154925346375
10,161,14353,5326,0.08108934760093689,0.583897054195404
11,161,14353,5326,0.42468690872192383,0.5737208127975464
0,162,14353,5268,0.017464028671383858,0.7682238221168518
1,162,14353,5268,0.022663811221718788,0.33950093388557434
2,162,14353,5268,0.03640749678015709,0.433379203081131
3,162,14353,5268,0.063775934278965,0.5154207348823547
4,162,14353,5268,0.0320640504360199,0.5164358019828796
5,162,14353,5268,0.03067462146282196,0.5869966149330139
6,162,14353,5268,0.031851764768362045,0.6252650022506714
7,162,14353,5268,0.03969227895140648,0.6804100871086121
8,162,14353,5268,0.04703408479690552,0.6721174120903015
9,162,14353,5268,0.06021912768483162,0.6722214818000793
10,162,14353,5268,0.0807366743683815,0.5777740478515625
11,162,14353,5268,0.41423237323760986,0.5496521592140198
0,163,14353,5270,0.01722884550690651,0.7710054516792297
1,163,14353,5270,0.02229655347764492,0.34437212347984314
2,163,14353,5270,0.03620828315615654,0.4446370601654053
3,163,14353,5270,0.06458332389593124,0.5279614329338074
4,163,14353,5270,0.03200964629650116,0.517491340637207
5,163,14353,5270,0.03068378008902073,0.5874553322792053
6,163,14353,5270,0.031805556267499924,0.6289505362510681
7,163,14353,5270,0.04005676880478859,0.6778140664100647
8,163,14353,5270,0.047166477888822556,0.674159049987793
9,163,14353,5270,0.060694169253110886,0.673250675201416
10,163,14353,5270,0.08163578063249588,0.5793495774269104
11,163,14353,5270,0.42283889651298523,0.5611110329627991
0,164,14353,5330,0.017373623326420784,0.7709646224975586
1,164,14353,5330,0.022373132407665253,0.34258541464805603
2,164,14353,5330,0.0364244319498539,0.43966302275657654
3,164,14353,5330,0.06647583097219467,0.5233030915260315
4,164,14353,5330,0.03205735981464386,0.5176922678947449
5,164,14353,5330,0.03078313358128071,0.5848196148872375
6,164,14353,5330,0.032095085829496384,0.627007007598877
7,164,14353,5330,0.04002901539206505,0.679100513458252
8,164,14353,5330,0.04719989374279976,0.670191764831543
9,164,14353,5330,0.06076754257082939,0.6723220348358154
10,164,14353,5330,0.08190751820802689,0.5800468921661377
11,164,14353,5330,0.4209195077419281,0.5576058626174927
0,165,14353,5341,0.01767321489751339,0.7685546875
1,165,14353,5341,0.022765181958675385,0.34415364265441895
2,165,14353,5341,0.03648791089653969,0.4474959373474121
3,165,14353,5341,0.06550038605928421,0.5301527976989746
4,165,14353,5341,0.0321439653635025,0.5174302458763123
5,165,14353,5341,0.030758025124669075,0.5861292481422424
6,165,14353,5341,0.03197335824370384,0.6270384788513184
7,165,14353,5341,0.03973360359668732,0.6782611012458801
8,165,14353,5341,0.04697989299893379,0.672295868396759
9,165,14353,5341,0.060197461396455765,0.6736491322517395
10,165,14353,5341,0.08102724701166153,0.5819674134254456
11,165,14353,5341,0.4237971305847168,0.5580978393554688
0,166,14353,5311,0.017406238242983818,0.7689375877380371
1,166,14353,5311,0.022620460018515587,0.3487187922000885
2,166,14353,5311,0.03628130629658699,0.4502830505371094
3,166,14353,5311,0.06443241983652115,0.5357601046562195
4,166,14353,5311,0.03183756768703461,0.5196996331214905
5,166,14353,5311,0.030482113361358643,0.5882358551025391
6,166,14353,5311,0.03182009980082512,0.6283438801765442
7,166,14353,5311,0.039794232696294785,0.677595853805542
8,166,14353,5311,0.046939101070165634,0.6705557703971863
9,166,14353,5311,0.06032070890069008,0.6731603145599365
10,166,14353,5311,0.08136365562677383,0.5821076035499573
11,166,14353,5311,0.44376006722450256,0.5649452805519104
0,167,14353,5259,0.017750443890690804,0.7670126557350159
1,167,14353,5259,0.02296324260532856,0.34171271324157715
2,167,14353,5259,0.03674684464931488,0.44025811553001404
3,167,14353,5259,0.06646134704351425,0.5247346758842468
4,167,14353,5259,0.032254114747047424,0.5161917209625244
5,167,14353,5259,0.030839720740914345,0.5854540467262268
6,167,14353,5259,0.0322168804705143,0.6274376511573792
7,167,14353,5259,0.03974885866045952,0.680622398853302
8,167,14353,5259,0.04708443954586983,0.675246000289917
9,167,14353,5259,0.06046104431152344,0.6748082041740417
10,167,14353,5259,0.08120172470808029,0.581137478351593
11,167,14353,5259,0.4290127754211426,0.5474868416786194
0,168,14353,5253,0.017376108095049858,0.7713990807533264
1,168,14353,5253,0.02238614112138748,0.3398672044277191
2,168,14353,5253,0.03646621108055115,0.4404655396938324
3,168,14353,5253,0.06355234235525131,0.5255066752433777
4,168,14353,5253,0.032075513154268265,0.5174224972724915
5,168,14353,5253,0.03070872463285923,0.5860326886177063
6,168,14353,5253,0.0318659208714962,0.6285019516944885
7,168,14353,5253,0.039651110768318176,0.6795712113380432
8,168,14353,5253,0.04707270860671997,0.6719986796379089
9,168,14353,5253,0.060398031026124954,0.6722004413604736
10,168,14353,5253,0.08153373003005981,0.5791311860084534
11,168,14353,5253,0.4204920828342438,0.537817656993866
0,169,14353,5327,0.01757788471877575,0.7689935564994812
1,169,14353,5327,0.022630296647548676,0.34168097376823425
2,169,14353,5327,0.036194365471601486,0.44291555881500244
3,169,14353,5327,0.06501755118370056,0.5229360461235046
4,169,14353,5327,0.03192427381873131,0.5172266960144043
5,169,14353,5327,0.030548425391316414,0.5873321890830994
6,169,14353,5327,0.031664568930864334,0.6274521946907043
7,169,14353,5327,0.03974641487002373,0.6793126463890076
8,169,14353,5327,0.0469096340239048,0.6726422309875488
9,169,14353,5327,0.06041845306754112,0.6712408065795898
10,169,14353,5327,0.08131948113441467,0.5798873901367188
11,169,14353,5327,0.41377508640289307,0.5651503205299377
0,170,14353,5235,0.017620647326111794,0.7678815722465515
1,170,14353,5235,0.022653592750430107,0.34434834122657776
2,170,14353,5235,0.036009516566991806,0.4504834711551666
3,170,14353,5235,0.0637989193201065,0.5377134680747986
4,170,14353,5235,0.03210127353668213,0.5190845131874084
5,170,14353,5235,0.030453650280833244,0.5870254635810852
6,170,14353,5235,0.031871259212493896,0.6277714371681213
7,170,14353,5235,0.03947262465953827,0.6803770065307617
8,170,14353,5235,0.04677015542984009,0.6725015044212341
9,170,14353,5235,0.059898603707551956,0.6751630306243896
10,170,14353,5235,0.08038083463907242,0.5842493176460266
11,170,14353,5235,0.42732563614845276,0.5643212199211121
0,171,14353,5191,0.017506621778011322,0.7702046036720276
1,171,14353,5191,0.022434934973716736,0.33680352568626404
2,171,14353,5191,0.03644803911447525,0.439995676279068
3,171,14353,5191,0.06323257833719254,0.5278254151344299
4,171,14353,5191,0.03217454254627228,0.5154860615730286
5,171,14353,5191,0.030556371435523033,0.5860911011695862
6,171,14353,5191,0.03176221624016762,0.6257046461105347
7,171,14353,5191,0.039780061691999435,0.677767813205719
8,171,14353,5191,0.04696531221270561,0.6735799908638
9,171,14353,5191,0.06039021536707878,0.6731439232826233
10,171,14353,5191,0.08143406361341476,0.5800723433494568
11,171,14353,5191,0.4496658146381378,0.5607537627220154
0,172,14353,5228,0.01744653843343258,0.7698656916618347
1,172,14353,5228,0.022456452250480652,0.34545159339904785
2,172,14353,5228,0.03625216707587242,0.450082927942276
3,172,14353,5228,0.06665254384279251,0.5321313142776489
4,172,14353,5228,0.032058361917734146,0.5187549591064453
5,172,14353,5228,0.03072395734488964,0.5853562355041504
6,172,14353,5228,0.03184780851006508,0.6280889511108398
7,172,14353,5228,0.03958280757069588,0.6806609034538269
8,172,14353,5228,0.04698513075709343,0.6732808947563171
9,172,14353,5228,0.06036955118179321,0.6755205988883972
10,172,14353,5228,0.08128378540277481,0.5830733776092529
11,172,14353,5228,0.4470588266849518,0.5592280626296997
0,173,14353,5271,0.017417093738913536,0.768927276134491
1,173,14353,5271,0.02240700088441372,0.34728384017944336
2,173,14353,5271,0.036218635737895966,0.4446701109409332
3,173,14353,5271,0.06304898113012314,0.5261259078979492
4,173,14353,5271,0.03191909193992615,0.5193834900856018
5,173,14353,5271,0.030582783743739128,0.5863762497901917
6,173,14353,5271,0.03182041645050049,0.6254525780677795
7,173,14353,5271,0.03968493640422821,0.678629457950592
8,173,14353,5271,0.04709663614630699,0.6744804382324219
9,173,14353,5271,0.060465168207883835,0.6754483580589294
10,173,14353,5271,0.08122115582227707,0.5808482766151428
11,173,14353,5271,0.4254704415798187,0.564638078212738
0,174,14353,5271,0.017463883385062218,0.7694797515869141
1,174,14353,5271,0.02266521193087101,0.3440443277359009
2,174,14353,5271,0.03645239770412445,0.4460841715335846
3,174,14353,5271,0.06512186676263809,0.5276636481285095
4,174,14353,5271,0.03187401965260506,0.5194658637046814
5,174,14353,5271,0.03037877194583416,0.5885172486305237
6,174,14353,5271,0.031726423650979996,0.6279618144035339
7,174,14353,5271,0.03968120738863945,0.6809841990470886
8,174,14353,5271,0.046939667314291,0.6716053485870361
9,174,14353,5271,0.05982135236263275,0.6740362644195557
10,174,14353,5271,0.08069328218698502,0.5831544995307922
11,174,14353,5271,0.4183793365955353,0.5575289726257324
0,175,14353,5313,0.017553362995386124,0.7681099772453308
1,175,14353,5313,0.02276960015296936,0.3392525911331177
2,175,14353,5313,0.03638222813606262,0.440028578042984
3,175,14353,5313,0.06413623690605164,0.5214780569076538
4,175,14353,5313,0.03200240060687065,0.517314612865448
5,175,14353,5313,0.030800191685557365,0.5855399966239929
6,175,14353,5313,0.0320747084915638,0.6286421418190002
7,175,14353,5313,0.039920080453157425,0.6790453791618347
8,175,14353,5313,0.04745504632592201,0.6721866726875305
9,175,14353,5313,0.0609319694340229,0.6714709401130676
10,175,14353,5313,0.0821119025349617,0.5772832036018372
11,175,14353,5313,0.43104663491249084,0.5473756194114685
0,176,14353,5320,0.017749348655343056,0.7658818364143372
1,176,14353,5320,0.022800125181674957,0.34075286984443665
2,176,14353,5320,0.036552462726831436,0.4418260157108307
3,176,14353,5320,0.06397414952516556,0.5272684693336487
4,176,14353,5320,0.03223749250173569,0.5149421095848083
5,176,14353,5320,0.03079157881438732,0.5828246474266052
6,176,14353,5320,0.031860530376434326,0.6247597336769104
7,176,14353,5320,0.039689283818006516,0.6786861419677734
8,176,14353,5320,0.046995650976896286,0.6735790371894836
9,176,14353,5320,0.060670945793390274,0.6727485656738281
10,176,14353,5320,0.08153834939002991,0.5792429447174072
11,176,14353,5320,0.43358340859413147,0.5558826327323914
0,177,14353,5259,0.017485829070210457,0.768390953540802
1,177,14353,5259,0.022887716069817543,0.3464253842830658
2,177,14353,5259,0.036506276577711105,0.44810426235198975
3,177,14353,5259,0.06333044171333313,0.5307815670967102
4,177,14353,5259,0.03207140788435936,0.5193228721618652
5,177,14353,5259,0.03064870648086071,0.5863690972328186
6,177,14353,5259,0.03180863335728645,0.6268248558044434
7,177,14353,5259,0.03981749340891838,0.6805496215820312
8,177,14353,5259,0.04724648594856262,0.6768863797187805
9,177,14353,5259,0.06036870554089546,0.6753032207489014
10,177,14353,5259,0.08118069916963577,0.5827227234840393
11,177,14353,5259,0.417318195104599,0.5653846859931946
0,178,14353,5280,0.017323113977909088,0.7705507278442383
1,178,14353,5280,0.022173726931214333,0.34264159202575684
2,178,14353,5280,0.036030348390340805,0.43828749656677246
3,178,14353,5280,0.064934141933918,0.5187667012214661
4,178,14353,5280,0.031784895807504654,0.5178415179252625
5,178,14353,5280,0.03056507743895054,0.5851755738258362
6,178,14353,5280,0.03169228509068489,0.6268048286437988
7,178,14353,5280,0.03954990208148956,0.6784747242927551
8,178,14353,5280,0.04704458639025688,0.6695185303688049
9,178,14353,5280,0.060413867235183716,0.6693188548088074
10,178,14353,5280,0.08161565661430359,0.5769093036651611
11,178,14353,5280,0.42294347286224365,0.5680593848228455
0,179,14353,5393,0.017812436446547508,0.7662324905395508
1,179,14353,5393,0.022760802879929543,0.3341401517391205
2,179,14353,5393,0.036748819053173065,0.43862101435661316
3,179,14353,5393,0.06467333436012268,0.5278318524360657
4,179,14353,5393,0.032054685056209564,0.5163472294807434
5,179,14353,5393,0.030737480148673058,0.5845544338226318
6,179,14353,5393,0.03203136846423149,0.627841055393219
7,179,14353,5393,0.03988935425877571,0.6800792217254639
8,179,14353,5393,0.047149669378995895,0.6723625063896179
9,179,14353,5393,0.06066107377409935,0.6714078783988953
10,179,14353,5393,0.08153430372476578,0.5808041095733643
11,179,14353,5393,0.436142235994339,0.5638602375984192
0,180,14353,5271,0.017481861636042595,0.7685301899909973
1,180,14353,5271,0.022642308846116066,0.3494983911514282
2,180,14353,5271,0.03655780851840973,0.4498034715652466
3,180,14353,5271,0.06576473265886307,0.5358750224113464
4,180,14353,5271,0.031806230545043945,0.5221047401428223
5,180,14353,5271,0.03059316985309124,0.5865433812141418
6,180,14353,5271,0.03175381198525429,0.6259795427322388
7,180,14353,5271,0.03950453922152519,0.6775274276733398
8,180,14353,5271,0.04685613885521889,0.6715899109840393
9,180,14353,5271,0.06004742160439491,0.6732584834098816
10,180,14353,5271,0.08091787248849869,0.5817536115646362
11,180,14353,5271,0.4181399345397949,0.536710262298584
0,181,14353,5255,0.017639920115470886,0.7667530179023743
1,181,14353,5255,0.022654324769973755,0.34177660942077637
2,181,14353,5255,0.03657832369208336,0.4404788911342621
3,181,14353,5255,0.06205449998378754,0.5217753052711487
4,181,14353,5255,0.03192206472158432,0.5180196166038513
5,181,14353,5255,0.03036983124911785,0.5879232883453369
6,181,14353,5255,0.03155401349067688,0.6283076405525208
7,181,14353,5255,0.039571989327669144,0.6815047860145569
8,181,14353,5255,0.047289490699768066,0.6707553863525391
9,181,14353,5255,0.06057510897517204,0.6734340786933899
10,181,14353,5255,0.08168282359838486,0.5801680684089661
11,181,14353,5255,0.43903517723083496,0.5619781017303467
0,182,14353,5263,0.017226245254278183,0.7701663970947266
1,182,14353,5263,0.022334540262818336,0.3533127009868622
2,182,14353,5263,0.03623390942811966,0.45175790786743164
3,182,14353,5263,0.06526963412761688,0.5388717651367188
4,182,14353,5263,0.03187768906354904,0.5212982296943665
5,182,14353,5263,0.030761711299419403,0.587687611579895
6,182,14353,5263,0.0319138802587986,0.6298937201499939
7,182,14353,5263,0.03954756632447243,0.6828856468200684
8,182,14353,5263,0.04703370854258537,0.6756861209869385
9,182,14353,5263,0.06016009673476219,0.6766185760498047
10,182,14353,5263,0.08082540333271027,0.5862551331520081
11,182,14353,5263,0.4157799780368805,0.5665888786315918
0,183,14353,5326,0.017592543736100197,0.7660991549491882
1,183,14353,5326,0.022851916030049324,0.34184208512306213
2,183,14353,5326,0.03661410138010979,0.4382272958755493
3,183,14353,5326,0.06376268714666367,0.5211287140846252
4,183,14353,5326,0.032096076756715775,0.5150993466377258
5,183,14353,5326,0.0305172111839056,0.5857164859771729
6,183,14353,5326,0.03194309398531914,0.6277734637260437
7,183,14353,5326,0.039590273052453995,0.6794610619544983
8,183,14353,5326,0.047046151012182236,0.6737096309661865
9,183,14353,5326,0.06008104607462883,0.6741604804992676
10,183,14353,5326,0.08083519339561462,0.5809582471847534
11,183,14353,5326,0.42691102623939514,0.5549337267875671
0,184,14353,5259,0.01761777512729168,0.7679364085197449
1,184,14353,5259,0.022746793925762177,0.3485761880874634
2,184,14353,5259,0.03671809285879135,0.45131492614746094
3,184,14353,5259,0.06785164773464203,0.5417426228523254
4,184,14353,5259,0.03183792158961296,0.5222379565238953
5,184,14353,5259,0.030257640406489372,0.5903619527816772
6,184,14353,5259,0.0315559059381485,0.6287525296211243
7,184,14353,5259,0.039420101791620255,0.6786196827888489
8,184,14353,5259,0.046740442514419556,0.6729891896247864
9,184,14353,5259,0.060121286660432816,0.6756463646888733
10,184,14353,5259,0.08076376467943192,0.5846972465515137
11,184,14353,5259,0.41795065999031067,0.5668318271636963
0,185,14353,5357,0.01755046844482422,0.768592357635498
1,185,14353,5357,0.022714970633387566,0.34389543533325195
2,185,14353,5357,0.03628237172961235,0.4381193220615387
3,185,14353,5357,0.06498130410909653,0.5151504874229431
4,185,14353,5357,0.03216693177819252,0.5150135159492493
5,185,14353,5357,0.030735373497009277,0.584205687046051
6,185,14353,5357,0.03188713267445564,0.6232157945632935
7,185,14353,5357,0.03988185152411461,0.6749075055122375
8,185,14353,5357,0.04720965400338173,0.6679261326789856
9,185,14353,5357,0.06043921783566475,0.6721647381782532
10,185,14353,5357,0.08110585063695908,0.5787035822868347
11,185,14353,5357,0.4217248857021332,0.5498783588409424
0,186,14353,5247,0.017428385093808174,0.7700902819633484
1,186,14353,5247,0.022291705012321472,0.346750408411026
2,186,14353,5247,0.036266814917325974,0.4499225616455078
3,186,14353,5247,0.0637015625834465,0.5367533564567566
4,186,14353,5247,0.031727079302072525,0.5212088227272034
5,186,14353,5247,0.030405819416046143,0.5874612927436829
6,186,14353,5247,0.03174296021461487,0.6283317804336548
7,186,14353,5247,0.03950786218047142,0.6814656257629395
8,186,14353,5247,0.047058384865522385,0.6769973635673523
9,186,14353,5247,0.05998852849006653,0.6773741841316223
10,186,14353,5247,0.08074170351028442,0.5834009051322937
11,186,14353,5247,0.41078710556030273,0.5682831406593323
0,187,14353,5280,0.01778963766992092,0.764169454574585
1,187,14353,5280,0.02270433120429516,0.3328382670879364
2,187,14353,5280,0.03647327050566673,0.4332345426082611
3,187,14353,5280,0.06323722004890442,0.5177443623542786
4,187,14353,5280,0.03203953802585602,0.5158750414848328
5,187,14353,5280,0.030798794701695442,0.5846831798553467
6,187,14353,5280,0.03185797855257988,0.6232750415802002
7,187,14353,5280,0.040075965225696564,0.6752057671546936
8,187,14353,5280,0.04705067351460457,0.6714954972267151
9,187,14353,5280,0.06035814806818962,0.672074556350708
10,187,14353,5280,0.0810205414891243,0.5783916115760803
11,187,14353,5280,0.4191720485687256,0.5577985644340515
0,188,14353,5236,0.01736546866595745,0.7709269523620605
1,188,14353,5236,0.022404910996556282,0.35203421115875244
2,188,14353,5236,0.03578731790184975,0.452676385641098
3,188,14353,5236,0.06327646225690842,0.5341214537620544
4,188,14353,5236,0.03181416913866997,0.521356463432312
5,188,14353,5236,0.03059474192559719,0.5895872712135315
6,188,14353,5236,0.0313856303691864,0.6326346397399902
7,188,14353,5236,0.03933485597372055,0.6770918965339661
8,188,14353,5236,0.04700641334056854,0.6719668507575989
9,188,14353,5236,0.06033296510577202,0.6741914749145508
10,188,14353,5236,0.08113360404968262,0.5831339955329895
11,188,14353,5236,0.4211515486240387,0.5717915892601013
0,189,14353,5330,0.01724451594054699,0.7700960040092468
1,189,14353,5330,0.02203402854502201,0.3452552855014801
2,189,14353,5330,0.03594949096441269,0.4398287534713745
3,189,14353,5330,0.06410791724920273,0.5204117894172668
4,189,14353,5330,0.031879767775535583,0.5182623863220215
5,189,14353,5330,0.030555924400687218,0.5855975151062012
6,189,14353,5330,0.03169212117791176,0.6272547841072083
7,189,14353,5330,0.03957356512546539,0.6788657307624817
8,189,14353,5330,0.046848561614751816,0.67400723695755
9,189,14353,5330,0.06009688973426819,0.6748621463775635
10,189,14353,5330,0.08099482208490372,0.581125795841217
11,189,14353,5330,0.41165709495544434,0.5589558482170105
0,190,14353,5337,0.017276043072342873,0.7691488265991211
1,190,14353,5337,0.02229994721710682,0.34967735409736633
2,190,14353,5337,0.036071404814720154,0.4501100778579712
3,190,14353,5337,0.0638587549328804,0.5335502028465271
4,190,14353,5337,0.03169045224785805,0.5214431881904602
5,190,14353,5337,0.030449165031313896,0.5865495204925537
6,190,14353,5337,0.03176800534129143,0.6257897019386292
7,190,14353,5337,0.03969402238726616,0.68110591173172
8,190,14353,5337,0.04707169905304909,0.6707367897033691
9,190,14353,5337,0.060349177569150925,0.6736709475517273
10,190,14353,5337,0.0812130942940712,0.5826891660690308
11,190,14353,5337,0.4140804708003998,0.5602561235427856
0,191,14353,5300,0.017360156401991844,0.7698463797569275
1,191,14353,5300,0.02316480316221714,0.34497928619384766
2,191,14353,5300,0.036222148686647415,0.4440286159515381
3,191,14353,5300,0.06395553797483444,0.52594393491745
4,191,14353,5300,0.031852155923843384,0.5181130766868591
5,191,14353,5300,0.030348094180226326,0.588337242603302
6,191,14353,5300,0.03150836005806923,0.6277788281440735
7,191,14353,5300,0.039562273770570755,0.6807241439819336
8,191,14353,5300,0.04699872434139252,0.6730825304985046
9,191,14353,5300,0.060138970613479614,0.6726329922676086
10,191,14353,5300,0.0810932144522667,0.581005334854126
11,191,14353,5300,0.4220925569534302,0.5558592081069946
0,192,14353,5308,0.017742199823260307,0.7680222392082214
1,192,14353,5308,0.02283349633216858,0.33347615599632263
2,192,14353,5308,0.036354273557662964,0.4372759759426117
3,192,14353,5308,0.06359410285949707,0.517588198184967
4,192,14353,5308,0.03221024572849274,0.5143800377845764
5,192,14353,5308,0.030843714252114296,0.5823138356208801
6,192,14353,5308,0.03194740414619446,0.6266693472862244
7,192,14353,5308,0.0398004911839962,0.6768034100532532
8,192,14353,5308,0.046924442052841187,0.6717720031738281
9,192,14353,5308,0.06006641313433647,0.6746357083320618
10,192,14353,5308,0.08098030835390091,0.5796652436256409
11,192,14353,5308,0.41302064061164856,0.5427210927009583
0,193,14353,5276,0.017586812376976013,0.768703281879425
1,193,14353,5276,0.022908324375748634,0.34183117747306824
2,193,14353,5276,0.03669365867972374,0.43854114413261414
3,193,14353,5276,0.06477022171020508,0.517534613609314
4,193,14353,5276,0.0324794165790081,0.5155169367790222
5,193,14353,5276,0.030929088592529297,0.5854790806770325
6,193,14353,5276,0.03218938037753105,0.6241031289100647
7,193,14353,5276,0.04012979567050934,0.6803295612335205
8,193,14353,5276,0.04723905399441719,0.6757600903511047
9,193,14353,5276,0.060456763952970505,0.6733918190002441
10,193,14353,5276,0.08109884709119797,0.5801672339439392
11,193,14353,5276,0.43722447752952576,0.5653140544891357
0,194,14353,5291,0.017315784469246864,0.7694790959358215
1,194,14353,5291,0.022298403084278107,0.3421589434146881
2,194,14353,5291,0.03621106967329979,0.4401305019855499
3,194,14353,5291,0.06400866061449051,0.5216647982597351
4,194,14353,5291,0.032052185386419296,0.5175743103027344
5,194,14353,5291,0.0306558758020401,0.5864282250404358
6,194,14353,5291,0.031884606927633286,0.6248080730438232
7,194,14353,5291,0.03978390619158745,0.6773810386657715
8,194,14353,5291,0.04704246297478676,0.6731798648834229
9,194,14353,5291,0.059920817613601685,0.6755554676055908
10,194,14353,5291,0.08085428923368454,0.5791547894477844
11,194,14353,5291,0.4232284128665924,0.5515634417533875
0,195,14353,5260,0.017526626586914062,0.7684927582740784
1,195,14353,5260,0.02236502431333065,0.3439261019229889
2,195,14353,5260,0.036107514053583145,0.4444209337234497
3,195,14353,5260,0.06656571477651596,0.5229214429855347
4,195,14353,5260,0.03169598802924156,0.5194017291069031
5,195,14353,5260,0.03026307187974453,0.5858168005943298
6,195,14353,5260,0.03192741423845291,0.624957263469696
7,195,14353,5260,0.039487384259700775,0.6774265766143799
8,195,14353,5260,0.046951115131378174,0.6701099872589111
9,195,14353,5260,0.06022893264889717,0.6723399758338928
10,195,14353,5260,0.0811200961470604,0.5796746611595154
11,195,14353,5260,0.4187535345554352,0.5609374642372131
0,196,14353,5277,0.01744581013917923,0.7710695266723633
1,196,14353,5277,0.022505400702357292,0.34429678320884705
2,196,14353,5277,0.03625790402293205,0.443093866109848
3,196,14353,5277,0.06460133194923401,0.5226523876190186
4,196,14353,5277,0.03205673769116402,0.5182192921638489
5,196,14353,5277,0.030681872740387917,0.5857009291648865
6,196,14353,5277,0.031750474125146866,0.6272537112236023
7,196,14353,5277,0.03987433388829231,0.6805378794670105
8,196,14353,5277,0.04690004512667656,0.6765391230583191
9,196,14353,5277,0.060007765889167786,0.6785197257995605
10,196,14353,5277,0.08060410618782043,0.583245038986206
11,196,14353,5277,0.4248444139957428,0.5577826499938965
0,197,14353,5311,0.01744542084634304,0.7682180404663086
1,197,14353,5311,0.02293473295867443,0.3514462411403656
2,197,14353,5311,0.0366356186568737,0.446060448884964
3,197,14353,5311,0.06392332911491394,0.5312358736991882
4,197,14353,5311,0.03214722499251366,0.519543468952179
5,197,14353,5311,0.03066350519657135,0.5891491770744324
6,197,14353,5311,0.03182956948876381,0.6298136115074158
7,197,14353,5311,0.039586395025253296,0.6808640360832214
8,197,14353,5311,0.04695320501923561,0.6730648875236511
9,197,14353,5311,0.06019997596740723,0.6753641963005066
10,197,14353,5311,0.08098892122507095,0.584190309047699
11,197,14353,5311,0.41597962379455566,0.5637559294700623
0,198,14353,5270,0.017256960272789,0.7704110145568848
1,198,14353,5270,0.022603685036301613,0.34580397605895996
2,198,14353,5270,0.03591957315802574,0.44350042939186096
3,198,14353,5270,0.06292933970689774,0.5219047665596008
4,198,14353,5270,0.03200444206595421,0.5182951092720032
5,198,14353,5270,0.030352070927619934,0.5922257304191589
6,198,14353,5270,0.03165194019675255,0.6271999478340149
7,198,14353,5270,0.03979366272687912,0.6791048049926758
8,198,14353,5270,0.04673735424876213,0.6765419840812683
9,198,14353,5270,0.06013374403119087,0.6740319132804871
10,198,14353,5270,0.08118259161710739,0.5804452300071716
11,198,14353,5270,0.4234980046749115,0.554499626159668
0,199,14353,5263,0.017378127202391624,0.7691869735717773
1,199,14353,5263,0.022336959838867188,0.3440076410770416
2,199,14353,5263,0.03613412007689476,0.44667157530784607
3,199,14353,5263,0.0631098821759224,0.5342870354652405
4,199,14353,5263,0.03182804584503174,0.5209447741508484
5,199,14353,5263,0.030457088723778725,0.5869213938713074
6,199,14353,5263,0.03174800053238869,0.6278284192085266
7,199,14353,5263,0.03969913348555565,0.6787522435188293
8,199,14353,5263,0.04720175638794899,0.6727239489555359
9,199,14353,5263,0.060586512088775635,0.6772017478942871
10,199,14353,5263,0.08160477876663208,0.5821517705917358
11,199,14353,5263,0.41914424300193787,0.5609703063964844
