layer,replicate,n_train,n_oob,update_mse,update_r2
0,0,14353,5276,0.011334261856973171,0.8196318745613098
1,0,14353,5276,0.01661383919417858,0.528204619884491
2,0,14353,5276,0.025271132588386536,0.5915114879608154
3,0,14353,5276,0.041153304278850555,0.5864129662513733
4,0,14353,5276,0.02325752191245556,0.6312369704246521
5,0,14353,5276,0.024404561147093773,0.6544782519340515
6,0,14353,5276,0.02629835158586502,0.713481605052948
7,0,14353,5276,0.0332251638174057,0.7671160697937012
8,0,14353,5276,0.043407976627349854,0.7606232762336731
9,0,14353,5276,0.046931058168411255,0.8039829730987549
10,0,14353,5276,0.05995159223675728,0.6934232711791992
11,0,14353,5276,0.1353769153356552,0.6957723498344421
0,1,14353,5305,0.011777810752391815,0.8141527771949768
1,1,14353,5305,0.01685154438018799,0.5233461856842041
2,1,14353,5305,0.025647616013884544,0.5872989296913147
3,1,14353,5305,0.04110877960920334,0.5844566226005554
4,1,14353,5305,0.0234540868550539,0.6282477378845215
5,1,14353,5305,0.02459055744111538,0.6507890820503235
6,1,14353,5305,0.026457926258444786,0.708881676197052
7,1,14353,5305,0.033062130212783813,0.7680416107177734
8,1,14353,5305,0.04323430359363556,0.7614583373069763
9,1,14353,5305,0.04672440513968468,0.8006216883659363
10,1,14353,5305,0.05956047400832176,0.6909669041633606
11,1,14353,5305,0.13396590948104858,0.7018689513206482
0,2,14353,5271,0.011720548383891582,0.8157466053962708
1,2,14353,5271,0.016891196370124817,0.5249716639518738
2,2,14353,5271,0.02561630867421627,0.5910794734954834
3,2,14353,5271,0.04114195331931114,0.5899785757064819
4,2,14353,5271,0.023467587307095528,0.6297435164451599
5,2,14353,5271,0.024483179673552513,0.6553083062171936
6,2,14353,5271,0.026492619886994362,0.7139398455619812
7,2,14353,5271,0.03329354152083397,0.7689616084098816
8,2,14353,5271,0.043262779712677,0.7624050974845886
9,2,14353,5271,0.046920061111450195,0.8043036460876465
10,2,14353,5271,0.05994132161140442,0.6954094767570496
11,2,14353,5271,0.13681302964687347,0.7050766348838806
0,3,14353,5295,0.011550490744411945,0.8184957504272461
1,3,14353,5295,0.016634924337267876,0.5291598439216614
2,3,14353,5295,0.02533738501369953,0.591616153717041
3,3,14353,5295,0.04085567966103554,0.5886704325675964
4,3,14353,5295,0.023266712203621864,0.6311666369438171
5,3,14353,5295,0.024403586983680725,0.655153214931488
6,3,14353,5295,0.02626870572566986,0.7134008407592773
7,3,14353,5295,0.03318249434232712,0.7689687609672546
8,3,14353,5295,0.043314412236213684,0.7630660533905029
9,3,14353,5295,0.046690136194229126,0.8054981827735901
10,3,14353,5295,0.0594923309981823,0.6971266865730286
11,3,14353,5295,0.1345391720533371,0.7075743079185486
0,4,14353,5247,0.011790006421506405,0.8134138584136963
1,4,14353,5247,0.016896694898605347,0.520790159702301
2,4,14353,5247,0.025536447763442993,0.5880991816520691
3,4,14353,5247,0.0412331186234951,0.5840883851051331
4,4,14353,5247,0.02330535463988781,0.6293056607246399
5,4,14353,5247,0.024375999346375465,0.654050350189209
6,4,14353,5247,0.026402540504932404,0.7112310528755188
7,4,14353,5247,0.0333419032394886,0.7684443593025208
8,4,14353,5247,0.043411802500486374,0.7613117098808289
9,4,14353,5247,0.04688237980008125,0.80381178855896
10,4,14353,5247,0.0600234679877758,0.6928598284721375
11,4,14353,5247,0.1354633867740631,0.7064973711967468
0,5,14353,5260,0.01182740181684494,0.8111897110939026
1,5,14353,5260,0.01671622507274151,0.5273351669311523
2,5,14353,5260,0.025464488193392754,0.5923137068748474
3,5,14353,5260,0.040601491928100586,0.5913825631141663
4,5,14353,5260,0.023319795727729797,0.6302460432052612
5,5,14353,5260,0.024407019838690758,0.6545180678367615
6,5,14353,5260,0.026499858126044273,0.7138541340827942
7,5,14353,5260,0.03318687155842781,0.7707066535949707
8,5,14353,5260,0.04329569637775421,0.7624983787536621
9,5,14353,5260,0.04654676839709282,0.8059256672859192
10,5,14353,5260,0.059723079204559326,0.6959607005119324
11,5,14353,5260,0.13301727175712585,0.7054429054260254
0,6,14353,5259,0.01147585827857256,0.8180932998657227
1,6,14353,5259,0.016675880178809166,0.5232856273651123
2,6,14353,5259,0.02553245984017849,0.5878932476043701
3,6,14353,5259,0.041117627173662186,0.5850700736045837
4,6,14353,5259,0.02337932400405407,0.6289291977882385
5,6,14353,5259,0.02443195879459381,0.6533432006835938
6,6,14353,5259,0.02636031247675419,0.7113349437713623
7,6,14353,5259,0.03327930346131325,0.7669828534126282
8,6,14353,5259,0.04324011877179146,0.7619550824165344
9,6,14353,5259,0.04703374579548836,0.8007341027259827
10,6,14353,5259,0.059948503971099854,0.6908791065216064
11,6,14353,5259,0.1372486799955368,0.7036338448524475
0,7,14353,5246,0.011629988439381123,0.8151140213012695
1,7,14353,5246,0.016791971400380135,0.5117265582084656
2,7,14353,5246,0.02550818957388401,0.5801763534545898
3,7,14353,5246,0.04099075868725777,0.578586757183075
4,7,14353,5246,0.02331928350031376,0.6268811225891113
5,7,14353,5246,0.0245084036141634,0.6517598628997803
6,7,14353,5246,0.026501117274165154,0.7074785232543945
7,7,14353,5246,0.033337924629449844,0.7649798393249512
8,7,14353,5246,0.04373340308666229,0.7596935629844666
9,7,14353,5246,0.04721994325518608,0.8023386001586914
10,7,14353,5246,0.060262471437454224,0.6906260848045349
11,7,14353,5246,0.13526253402233124,0.7099811434745789
0,8,14353,5339,0.011781935580074787,0.8155633807182312
1,8,14353,5339,0.016742700710892677,0.518831193447113
2,8,14353,5339,0.025437360629439354,0.5835657715797424
3,8,14353,5339,0.04090995714068413,0.5794791579246521
4,8,14353,5339,0.023339150473475456,0.6280441880226135
5,8,14353,5339,0.02444252371788025,0.6525828242301941
6,8,14353,5339,0.026458298787474632,0.708164393901825
7,8,14353,5339,0.033538106828927994,0.766190767288208
8,8,14353,5339,0.043234359472990036,0.7604581713676453
9,8,14353,5339,0.04662834480404854,0.8025442957878113
10,8,14353,5339,0.059720784425735474,0.6911656260490417
11,8,14353,5339,0.13421399891376495,0.7054135799407959
0,9,14353,5267,0.011729847639799118,0.8147006034851074
1,9,14353,5267,0.016704747453331947,0.5282426476478577
2,9,14353,5267,0.025301337242126465,0.5927173495292664
3,9,14353,5267,0.04091371223330498,0.5883932709693909
4,9,14353,5267,0.02328135073184967,0.6305246353149414
5,9,14353,5267,0.024357423186302185,0.654029130935669
6,9,14353,5267,0.02633328177034855,0.7136284708976746
7,9,14353,5267,0.0331060029566288,0.7687540054321289
8,9,14353,5267,0.04306495189666748,0.7617502212524414
9,9,14353,5267,0.046894580125808716,0.8041777610778809
10,9,14353,5267,0.05986129865050316,0.6944238543510437
11,9,14353,5267,0.13516958057880402,0.7064167857170105
0,10,14353,5244,0.011639547534286976,0.8152685165405273
1,10,14353,5244,0.016641827300190926,0.5263851284980774
2,10,14353,5244,0.025538628920912743,0.5911124348640442
3,10,14353,5244,0.041051313281059265,0.5890589952468872
4,10,14353,5244,0.023442355915904045,0.6298348903656006
5,10,14353,5244,0.024665484204888344,0.6554182171821594
6,10,14353,5244,0.026740500703454018,0.71173495054245
7,10,14353,5244,0.033373668789863586,0.767744243144989
8,10,14353,5244,0.04328547790646553,0.7630478739738464
9,10,14353,5244,0.04716781899333,0.8028955459594727
10,10,14353,5244,0.06041558086872101,0.6934835314750671
11,10,14353,5244,0.13717108964920044,0.7052024006843567
0,11,14353,5299,0.01159583032131195,0.8168246746063232
1,11,14353,5299,0.01669672317802906,0.5143561959266663
2,11,14353,5299,0.02552921324968338,0.5790219902992249
3,11,14353,5299,0.041079938411712646,0.577055811882019
4,11,14353,5299,0.023370200768113136,0.6277686953544617
5,11,14353,5299,0.024590613320469856,0.6507157683372498
6,11,14353,5299,0.02657228708267212,0.7089897990226746
7,11,14353,5299,0.03326011076569557,0.767557680606842
8,11,14353,5299,0.04345927760004997,0.760176956653595
9,11,14353,5299,0.0470791794359684,0.801434338092804
10,11,14353,5299,0.06021783873438835,0.6898543834686279
11,11,14353,5299,0.13475067913532257,0.6983469128608704
0,12,14353,5318,0.011720783077180386,0.8150714039802551
1,12,14353,5318,0.016862334683537483,0.512579619884491
2,12,14353,5318,0.025647148489952087,0.5806216597557068
3,12,14353,5318,0.04130350798368454,0.5788503885269165
4,12,14353,5318,0.02336660958826542,0.6278539299964905
5,12,14353,5318,0.024441039189696312,0.6521431803703308
6,12,14353,5318,0.026298992335796356,0.7101545333862305
7,12,14353,5318,0.033216770738363266,0.7677001357078552
8,12,14353,5318,0.04309563338756561,0.7606269717216492
9,12,14353,5318,0.04707792401313782,0.8028181195259094
10,12,14353,5318,0.060043107718229294,0.6910555362701416
11,12,14353,5318,0.1441594958305359,0.7014934420585632
0,13,14353,5277,0.01151593029499054,0.8172690272331238
1,13,14353,5277,0.016602354124188423,0.5388432145118713
2,13,14353,5277,0.025279277935624123,0.5998711585998535
3,13,14353,5277,0.040834128856658936,0.5957751274108887
4,13,14353,5277,0.02310200035572052,0.634385347366333
5,13,14353,5277,0.024345019832253456,0.6576219797134399
6,13,14353,5277,0.026389354839920998,0.7128854393959045
7,13,14353,5277,0.03297199308872223,0.7683894038200378
8,13,14353,5277,0.042962003499269485,0.7626726031303406
9,13,14353,5277,0.04675281420350075,0.803310215473175
10,13,14353,5277,0.05974004790186882,0.6961271166801453
11,13,14353,5277,0.13566915690898895,0.694955587387085
0,14,14353,5287,0.012030771933495998,0.8104003071784973
1,14,14353,5287,0.01690548099577427,0.5134472250938416
2,14,14353,5287,0.0256496574729681,0.580024003982544
3,14,14353,5287,0.04115866869688034,0.5769684314727783
4,14,14353,5287,0.023525534197688103,0.625284731388092
5,14,14353,5287,0.02461986243724823,0.6512441039085388
6,14,14353,5287,0.026776015758514404,0.7110723853111267
7,14,14353,5287,0.0335550494492054,0.7687070369720459
8,14,14353,5287,0.043759334832429886,0.7610774040222168
9,14,14353,5287,0.047367215156555176,0.8019459843635559
10,14,14353,5287,0.06047767773270607,0.6881771683692932
11,14,14353,5287,0.14314380288124084,0.6997509598731995
0,15,14353,5264,0.011444933712482452,0.8185713291168213
1,15,14353,5264,0.016524093225598335,0.527982234954834
2,15,14353,5264,0.02526901103556156,0.5917575359344482
3,15,14353,5264,0.040740083903074265,0.5886089205741882
4,15,14353,5264,0.023203754797577858,0.6304716467857361
5,15,14353,5264,0.024374233558773994,0.6542423367500305
6,15,14353,5264,0.02639876864850521,0.7141745686531067
7,15,14353,5264,0.03312529996037483,0.7675140500068665
8,15,14353,5264,0.04348208010196686,0.7605597376823425
9,15,14353,5264,0.04702402651309967,0.8038776516914368
10,15,14353,5264,0.060204844921827316,0.6937060356140137
11,15,14353,5264,0.13646355271339417,0.7046249508857727
0,16,14353,5261,0.011837045662105083,0.814115047454834
1,16,14353,5261,0.017169302329421043,0.5081419348716736
2,16,14353,5261,0.02567771077156067,0.5802382230758667
3,16,14353,5261,0.04136742278933525,0.5764855742454529
4,16,14353,5261,0.023426974192261696,0.6257115006446838
5,16,14353,5261,0.0245699230581522,0.652442991733551
6,16,14353,5261,0.026589125394821167,0.7102718353271484
7,16,14353,5261,0.033273689448833466,0.7682035565376282
8,16,14353,5261,0.043505121022462845,0.7626574635505676
9,16,14353,5261,0.04700274392962456,0.804615318775177
10,16,14353,5261,0.06020304560661316,0.6916021704673767
11,16,14353,5261,0.1358671337366104,0.7052486538887024
0,17,14353,5286,0.011736269108951092,0.8168692588806152
1,17,14353,5286,0.016805356368422508,0.5232325196266174
2,17,14353,5286,0.025473957881331444,0.5878278613090515
3,17,14353,5286,0.040950413793325424,0.5856348872184753
4,17,14353,5286,0.023328008130192757,0.6285801529884338
5,17,14353,5286,0.024369217455387115,0.6538227200508118
6,17,14353,5286,0.02637496590614319,0.7103824615478516
7,17,14353,5286,0.03311483561992645,0.7683369517326355
8,17,14353,5286,0.04339340329170227,0.7615819573402405
9,17,14353,5286,0.046632710844278336,0.8037479519844055
10,17,14353,5286,0.05976913496851921,0.6931721568107605
11,17,14353,5286,0.13659165799617767,0.7050212025642395
0,18,14353,5264,0.011428117752075195,0.8177937865257263
1,18,14353,5264,0.01647973246872425,0.5289008617401123
2,18,14353,5264,0.025179006159305573,0.5907773971557617
3,18,14353,5264,0.0404515266418457,0.5884650349617004
4,18,14353,5264,0.023049702867865562,0.631364643573761
5,18,14353,5264,0.024365773424506187,0.6541891098022461
6,18,14353,5264,0.0264762993901968,0.7117171287536621
7,18,14353,5264,0.03301793709397316,0.7688658833503723
8,18,14353,5264,0.043616969138383865,0.7608258724212646
9,18,14353,5264,0.04687362536787987,0.8028731942176819
10,18,14353,5264,0.06011583283543587,0.6916403770446777
11,18,14353,5264,0.1328694373369217,0.7026551365852356
0,19,14353,5306,0.011630131863057613,0.8163251876831055
1,19,14353,5306,0.017055107280611992,0.5143060684204102
2,19,14353,5306,0.025475263595581055,0.5834441781044006
3,19,14353,5306,0.041073355823755264,0.579850971698761
4,19,14353,5306,0.023364106193184853,0.6282615065574646
5,19,14353,5306,0.024481579661369324,0.6526635885238647
6,19,14353,5306,0.026727423071861267,0.709489643573761
7,19,14353,5306,0.03355308994650841,0.7688124775886536
8,19,14353,5306,0.04369903728365898,0.7625388503074646
9,19,14353,5306,0.04723687469959259,0.8040714263916016
10,19,14353,5306,0.06034637615084648,0.6921542286872864
11,19,14353,5306,0.13348077237606049,0.7013213038444519
0,20,14353,5260,0.011546208523213863,0.8177285194396973
1,20,14353,5260,0.016657469794154167,0.5269994139671326
2,20,14353,5260,0.025303184986114502,0.5908015370368958
3,20,14353,5260,0.040898483246564865,0.5855964422225952
4,20,14353,5260,0.023184508085250854,0.6312322616577148
5,20,14353,5260,0.024457350373268127,0.6524807810783386
6,20,14353,5260,0.026498133316636086,0.7107720375061035
7,20,14353,5260,0.03319818526506424,0.7679821848869324
8,20,14353,5260,0.04369822144508362,0.7596825957298279
9,20,14353,5260,0.04724304378032684,0.801605224609375
10,20,14353,5260,0.06024536117911339,0.6906051635742188
11,20,14353,5260,0.1351313441991806,0.7009078860282898
0,21,14353,5256,0.011043165810406208,0.8245337605476379
1,21,14353,5256,0.01616593264043331,0.5396888852119446
2,21,14353,5256,0.025047600269317627,0.5957831740379333
3,21,14353,5256,0.04050755500793457,0.5890991687774658
4,21,14353,5256,0.023016447201371193,0.6343228220939636
5,21,14353,5256,0.024151133373379707,0.6562871336936951
6,21,14353,5256,0.0260603129863739,0.7146151661872864
7,21,14353,5256,0.03300241008400917,0.7712299227714539
8,21,14353,5256,0.042602237313985825,0.7655847668647766
9,21,14353,5256,0.04646846652030945,0.8039775490760803
10,21,14353,5256,0.05929064750671387,0.6941447257995605
11,21,14353,5256,0.1337854266166687,0.7030252814292908
0,22,14353,5298,0.011529962532222271,0.818825900554657
1,22,14353,5298,0.016705941408872604,0.5264121890068054
2,22,14353,5298,0.02521844394505024,0.5916076898574829
3,22,14353,5298,0.040833983570337296,0.5864217877388
4,22,14353,5298,0.023167556151747704,0.6314067244529724
5,22,14353,5298,0.02444063127040863,0.6552166938781738
6,22,14353,5298,0.026422761380672455,0.7133542895317078
7,22,14353,5298,0.03324491158127785,0.7699938416481018
8,22,14353,5298,0.043554600328207016,0.7598090171813965
9,22,14353,5298,0.04722278192639351,0.8038408160209656
10,22,14353,5298,0.06061961129307747,0.693063497543335
11,22,14353,5298,0.13879789412021637,0.7021987438201904
0,23,14353,5274,0.011828307993710041,0.8140416145324707
1,23,14353,5274,0.016930410638451576,0.5188189744949341
2,23,14353,5274,0.025610366836190224,0.5863221287727356
3,23,14353,5274,0.04110543802380562,0.5849078297615051
4,23,14353,5274,0.023314401507377625,0.6284566521644592
5,23,14353,5274,0.024447834119200706,0.6532506346702576
6,23,14353,5274,0.02650192566215992,0.7106702327728271
7,23,14353,5274,0.033269137144088745,0.7678647041320801
8,23,14353,5274,0.043241340667009354,0.7613530158996582
9,23,14353,5274,0.04679568484425545,0.8036049008369446
10,23,14353,5274,0.05974705144762993,0.6941518187522888
11,23,14353,5274,0.1350032538175583,0.7020795345306396
0,24,14353,5293,0.011529234237968922,0.8187353610992432
1,24,14353,5293,0.016676606610417366,0.5268704891204834
2,24,14353,5293,0.025467611849308014,0.5894800424575806
3,24,14353,5293,0.04108075052499771,0.5867869853973389
4,24,14353,5293,0.023375295102596283,0.6293732523918152
5,24,14353,5293,0.024520093575119972,0.6530399918556213
6,24,14353,5293,0.02649402804672718,0.711232602596283
7,24,14353,5293,0.033430133014917374,0.7676753401756287
8,24,14353,5293,0.04379097744822502,0.762141764163971
9,24,14353,5293,0.047254528850317,0.8028929829597473
10,24,14353,5293,0.060518234968185425,0.6918841004371643
11,24,14353,5293,0.13746698200702667,0.704765260219574
0,25,14353,5345,0.011569713242352009,0.8160588145256042
1,25,14353,5345,0.0166167002171278,0.5297641158103943
2,25,14353,5345,0.02530861087143421,0.5929912328720093
3,25,14353,5345,0.04067089036107063,0.5895960927009583
4,25,14353,5345,0.02306806482374668,0.6330722570419312
5,25,14353,5345,0.02423165738582611,0.6560118794441223
6,25,14353,5345,0.026192709803581238,0.7137848734855652
7,25,14353,5345,0.03295097500085831,0.770397961139679
8,25,14353,5345,0.0430552177131176,0.7649800181388855
9,25,14353,5345,0.04644012451171875,0.8039131760597229
10,25,14353,5345,0.0596635527908802,0.6941449642181396
11,25,14353,5345,0.1407720297574997,0.705468475818634
0,26,14353,5310,0.01175137609243393,0.8138749599456787
1,26,14353,5310,0.01687488704919815,0.5221214890480042
2,26,14353,5310,0.02570720575749874,0.587005078792572
3,26,14353,5310,0.04088049381971359,0.5886301398277283
4,26,14353,5310,0.02331710420548916,0.6296581625938416
5,26,14353,5310,0.02443181909620762,0.6548121571540833
6,26,14353,5310,0.026482723653316498,0.7145029902458191
7,26,14353,5310,0.03327405825257301,0.7694461941719055
8,26,14353,5310,0.0435696505010128,0.7634084820747375
9,26,14353,5310,0.04674537107348442,0.8047654032707214
10,26,14353,5310,0.060084644705057144,0.6939464211463928
11,26,14353,5310,0.13604415953159332,0.6941142678260803
0,27,14353,5288,0.011518062092363834,0.8194425702095032
1,27,14353,5288,0.01662895269691944,0.5257189869880676
2,27,14353,5288,0.025174595415592194,0.5905042290687561
3,27,14353,5288,0.040788549929857254,0.5845630764961243
4,27,14353,5288,0.023194769397377968,0.6306905746459961
5,27,14353,5288,0.0244461540132761,0.6542596817016602
6,27,14353,5288,0.026399215683341026,0.7123438715934753
7,27,14353,5288,0.03316006064414978,0.7691764831542969
8,27,14353,5288,0.0433608777821064,0.7617883086204529
9,27,14353,5288,0.0467723123729229,0.803272545337677
10,27,14353,5288,0.059860825538635254,0.6916419863700867
11,27,14353,5288,0.135013148188591,0.7006719708442688
0,28,14353,5298,0.011632598005235195,0.8154998421669006
1,28,14353,5298,0.01671452261507511,0.5221176743507385
2,28,14353,5298,0.025326430797576904,0.5880138874053955
3,28,14353,5298,0.04093039780855179,0.5852264761924744
4,28,14353,5298,0.02325724996626377,0.6301800608634949
5,28,14353,5298,0.02458934672176838,0.6526916027069092
6,28,14353,5298,0.026503272354602814,0.7099660038948059
7,28,14353,5298,0.033210936933755875,0.7672512531280518
8,28,14353,5298,0.04336588457226753,0.7609732151031494
9,28,14353,5298,0.04705050587654114,0.8021575808525085
10,28,14353,5298,0.06016261503100395,0.6920733451843262
11,28,14353,5298,0.13875435292720795,0.7100645899772644
0,29,14353,5281,0.011642701923847198,0.8160250782966614
1,29,14353,5281,0.016835758462548256,0.5237776041030884
2,29,14353,5281,0.02561458759009838,0.5878036618232727
3,29,14353,5281,0.04093288257718086,0.5877783298492432
4,29,14353,5281,0.023352764546871185,0.6296387314796448
5,29,14353,5281,0.02441568858921528,0.6562367081642151
6,29,14353,5281,0.026367301121354103,0.7128580212593079
7,29,14353,5281,0.033162590116262436,0.768547534942627
8,29,14353,5281,0.04348962381482124,0.7618705630302429
9,29,14353,5281,0.046772073954343796,0.8035745024681091
10,29,14353,5281,0.05989403650164604,0.6949480175971985
11,29,14353,5281,0.13618215918540955,0.7076642513275146
0,30,14353,5287,0.011372293345630169,0.8195457458496094
1,30,14353,5287,0.016478782519698143,0.5289211869239807
2,30,14353,5287,0.025295734405517578,0.5909039378166199
3,30,14353,5287,0.04070919007062912,0.5874144434928894
4,30,14353,5287,0.023310676217079163,0.6295990943908691
5,30,14353,5287,0.024475453421473503,0.6554468274116516
6,30,14353,5287,0.02660048007965088,0.7122266888618469
7,30,14353,5287,0.03336675837635994,0.7688092589378357
8,30,14353,5287,0.04349702596664429,0.7627484798431396
9,30,14353,5287,0.046784594655036926,0.8042711615562439
10,30,14353,5287,0.059718940407037735,0.6947318911552429
11,30,14353,5287,0.13337959349155426,0.709173858165741
0,31,14353,5318,0.011586413718760014,0.8167869448661804
1,31,14353,5318,0.01671576499938965,0.5337907671928406
2,31,14353,5318,0.025453055277466774,0.5975937247276306
3,31,14353,5318,0.040890131145715714,0.5942921042442322
4,31,14353,5318,0.023200443014502525,0.6321447491645813
5,31,14353,5318,0.024347050115466118,0.6562781929969788
6,31,14353,5318,0.026402896270155907,0.7139091491699219
7,31,14353,5318,0.03313785791397095,0.7700555920600891
8,31,14353,5318,0.043257057666778564,0.7632314562797546
9,31,14353,5318,0.04659625515341759,0.8042131066322327
10,31,14353,5318,0.05980701372027397,0.6967436671257019
11,31,14353,5318,0.1376636028289795,0.7102558016777039
0,32,14353,5305,0.011562026105821133,0.8180010914802551
1,32,14353,5305,0.016994675621390343,0.51460200548172
2,32,14353,5305,0.025646641850471497,0.5820624232292175
3,32,14353,5305,0.04122734069824219,0.5791041254997253
4,32,14353,5305,0.023243317380547523,0.6291496157646179
5,32,14353,5305,0.02437344379723072,0.654109001159668
6,32,14353,5305,0.02648984082043171,0.7086095809936523
7,32,14353,5305,0.03334461525082588,0.7668688893318176
8,32,14353,5305,0.042966578155756,0.7637324333190918
9,32,14353,5305,0.04683035984635353,0.8043899536132812
10,32,14353,5305,0.05966310575604439,0.6945252418518066
11,32,14353,5305,0.13268764317035675,0.7096819877624512
0,33,14353,5248,0.011758774518966675,0.8139057159423828
1,33,14353,5248,0.016783544793725014,0.5193285346031189
2,33,14353,5248,0.025502299889922142,0.5858121514320374
3,33,14353,5248,0.04092245176434517,0.5837624073028564
4,33,14353,5248,0.0233930554240942,0.6274859309196472
5,33,14353,5248,0.0244941134005785,0.6519147753715515
6,33,14353,5248,0.026467854157090187,0.7100592255592346
7,33,14353,5248,0.03331182524561882,0.7661396861076355
8,33,14353,5248,0.04344910383224487,0.7607879042625427
9,33,14353,5248,0.047051381319761276,0.8011455535888672
10,33,14353,5248,0.060131847858428955,0.6905609965324402
11,33,14353,5248,0.13420188426971436,0.6933673024177551
0,34,14353,5282,0.01156916469335556,0.8175371289253235
1,34,14353,5282,0.016788600012660027,0.5207071304321289
2,34,14353,5282,0.02552514337003231,0.5849317908287048
3,34,14353,5282,0.04098324850201607,0.5808261036872864
4,34,14353,5282,0.023184211924672127,0.6302921772003174
5,34,14353,5282,0.024401700124144554,0.6539638638496399
6,34,14353,5282,0.02646699734032154,0.7095925807952881
7,34,14353,5282,0.033109020441770554,0.7679319381713867
8,34,14353,5282,0.043448809534311295,0.7611821293830872
9,34,14353,5282,0.04660610854625702,0.8035638928413391
10,34,14353,5282,0.05948222056031227,0.6922460198402405
11,34,14353,5282,0.13277991116046906,0.7004785537719727
0,35,14353,5309,0.011614440940320492,0.8169532418251038
1,35,14353,5309,0.01666996069252491,0.5257880091667175
2,35,14353,5309,0.025449536740779877,0.5889067649841309
3,35,14353,5309,0.04091823101043701,0.5851643681526184
4,35,14353,5309,0.02328343689441681,0.6301739811897278
5,35,14353,5309,0.02449026145040989,0.6522880792617798
6,35,14353,5309,0.026414915919303894,0.7110702991485596
7,35,14353,5309,0.0332692451775074,0.7676404118537903
8,35,14353,5309,0.04329982027411461,0.7607024312019348
9,35,14353,5309,0.04675784334540367,0.8005226254463196
10,35,14353,5309,0.0601004920899868,0.6903659701347351
11,35,14353,5309,0.13441501557826996,0.706916332244873
0,36,14353,5297,0.011413715779781342,0.8200610280036926
1,36,14353,5297,0.01642507128417492,0.5328660011291504
2,36,14353,5297,0.025219112634658813,0.5922027230262756
3,36,14353,5297,0.04077635705471039,0.5882124304771423
4,36,14353,5297,0.02294939197599888,0.633769690990448
5,36,14353,5297,0.024212507531046867,0.6563299298286438
6,36,14353,5297,0.02626863680779934,0.7119102478027344
7,36,14353,5297,0.032872412353754044,0.7681323885917664
8,36,14353,5297,0.043006736785173416,0.760357677936554
9,36,14353,5297,0.046643391251564026,0.8028200268745422
10,36,14353,5297,0.06003832817077637,0.692770779132843
11,36,14353,5297,0.13484179973602295,0.7026419043540955
0,37,14353,5278,0.011376959271728992,0.8190659880638123
1,37,14353,5278,0.016446692869067192,0.5288753509521484
2,37,14353,5278,0.02537660300731659,0.590939998626709
3,37,14353,5278,0.0409260168671608,0.5874925851821899
4,37,14353,5278,0.023281753063201904,0.6305542588233948
5,37,14353,5278,0.02438409812748432,0.6545259356498718
6,37,14353,5278,0.026488594710826874,0.710719883441925
7,37,14353,5278,0.03336281701922417,0.7670480608940125
8,37,14353,5278,0.043058525770902634,0.7598569393157959
9,37,14353,5278,0.046905457973480225,0.8017340302467346
10,37,14353,5278,0.0597679428756237,0.6929535865783691
11,37,14353,5278,0.13507872819900513,0.7019241452217102
0,38,14353,5244,0.011790166608989239,0.8145108222961426
1,38,14353,5244,0.017093578353524208,0.5213339924812317
2,38,14353,5244,0.02577819861471653,0.5862082242965698
3,38,14353,5244,0.04129614308476448,0.5832290649414062
4,38,14353,5244,0.023255720734596252,0.6303256154060364
5,38,14353,5244,0.02426224946975708,0.6539917588233948
6,38,14353,5244,0.026216721162199974,0.70860356092453
7,38,14353,5244,0.03322936221957207,0.7661841511726379
8,38,14353,5244,0.043081462383270264,0.7614443898200989
9,38,14353,5244,0.046614933758974075,0.8036835789680481
10,38,14353,5244,0.05986514315009117,0.693244218826294
11,38,14353,5244,0.1379215568304062,0.7065002918243408
0,39,14353,5311,0.01194849330931902,0.8126118183135986
1,39,14353,5311,0.017155051231384277,0.5099388360977173
2,39,14353,5311,0.025722378864884377,0.5824167132377625
3,39,14353,5311,0.0412561260163784,0.5814072489738464
4,39,14353,5311,0.02335243485867977,0.6273996233940125
5,39,14353,5311,0.02464163303375244,0.6531438231468201
6,39,14353,5311,0.02651998959481716,0.711165189743042
7,39,14353,5311,0.03332062438130379,0.7663275599479675
8,39,14353,5311,0.04324835538864136,0.761340856552124
9,39,14353,5311,0.04699985682964325,0.8024167418479919
10,39,14353,5311,0.06019044294953346,0.6915459632873535
11,39,14353,5311,0.13512051105499268,0.70533686876297
0,40,14353,5309,0.011348791420459747,0.8208411335945129
1,40,14353,5309,0.01640363782644272,0.5322548151016235
2,40,14353,5309,0.025066187605261803,0.5934162735939026
3,40,14353,5309,0.040531229227781296,0.5885610580444336
4,40,14353,5309,0.023161806166172028,0.631493091583252
5,40,14353,5309,0.024433469399809837,0.6548497080802917
6,40,14353,5309,0.026247382164001465,0.7096408009529114
7,40,14353,5309,0.03300559148192406,0.7672737240791321
8,40,14353,5309,0.04316871240735054,0.7615203857421875
9,40,14353,5309,0.04665820673108101,0.8047127723693848
10,40,14353,5309,0.059716641902923584,0.6955353617668152
11,40,14353,5309,0.13287323713302612,0.7048549056053162
0,41,14353,5290,0.01163878571242094,0.8155052065849304
1,41,14353,5290,0.016647636890411377,0.5244808197021484
2,41,14353,5290,0.02541055716574192,0.5895441770553589
3,41,14353,5290,0.04101620987057686,0.5869908928871155
4,41,14353,5290,0.0231881532818079,0.6309659481048584
5,41,14353,5290,0.02439732290804386,0.6543787121772766
6,41,14353,5290,0.02639676071703434,0.7138081192970276
7,41,14353,5290,0.033233899623155594,0.7693387866020203
8,41,14353,5290,0.04327499866485596,0.7621837258338928
9,41,14353,5290,0.046672750264406204,0.8042774796485901
10,41,14353,5290,0.05976806953549385,0.6940534114837646
11,41,14353,5290,0.13805323839187622,0.7075846791267395
0,42,14353,5323,0.011422678828239441,0.8181419372558594
1,42,14353,5323,0.016456007957458496,0.534430205821991
2,42,14353,5323,0.025265559554100037,0.5964692831039429
3,42,14353,5323,0.040894050151109695,0.5925928950309753
4,42,14353,5323,0.02309350110590458,0.6342055797576904
5,42,14353,5323,0.02432054840028286,0.6562004685401917
6,42,14353,5323,0.026409795507788658,0.7116029858589172
7,42,14353,5323,0.03296932578086853,0.7678425312042236
8,42,14353,5323,0.043144341558218,0.7594501376152039
9,42,14353,5323,0.04648372158408165,0.8043392300605774
10,42,14353,5323,0.05976474657654762,0.6943071484565735
11,42,14353,5323,0.13620860874652863,0.694983720779419
0,43,14353,5273,0.011531188152730465,0.8189864158630371
1,43,14353,5273,0.01678323745727539,0.5166966915130615
2,43,14353,5273,0.025518542155623436,0.5829675793647766
3,43,14353,5273,0.0409751795232296,0.578498125076294
4,43,14353,5273,0.023095324635505676,0.6295621991157532
5,43,14353,5273,0.024332066997885704,0.6531722545623779
6,43,14353,5273,0.026396358385682106,0.7090278267860413
7,43,14353,5273,0.03305310010910034,0.7682369351387024
8,43,14353,5273,0.04301758110523224,0.761474072933197
9,43,14353,5273,0.046772945672273636,0.8040973544120789
10,43,14353,5273,0.059979479759931564,0.6913173198699951
11,43,14353,5273,0.1339498907327652,0.7019432187080383
0,44,14353,5304,0.011798408813774586,0.8142390251159668
1,44,14353,5304,0.016937870532274246,0.5219332575798035
2,44,14353,5304,0.025657042860984802,0.5879167914390564
3,44,14353,5304,0.04131222143769264,0.5858563780784607
4,44,14353,5304,0.02333371341228485,0.6295492053031921
5,44,14353,5304,0.02446918375790119,0.6546593308448792
6,44,14353,5304,0.026452094316482544,0.7143368721008301
7,44,14353,5304,0.033352330327034,0.7691435813903809
8,44,14353,5304,0.043190229684114456,0.7613281607627869
9,44,14353,5304,0.04661807790398598,0.8040964007377625
10,44,14353,5304,0.059420909732580185,0.6968757510185242
11,44,14353,5304,0.13526248931884766,0.7061275839805603
0,45,14353,5249,0.01145214308053255,0.8196086883544922
1,45,14353,5249,0.016700774431228638,0.5298414826393127
2,45,14353,5249,0.025405878201127052,0.5937457084655762
3,45,14353,5249,0.040806982666254044,0.5907882452011108
4,45,14353,5249,0.023203087970614433,0.6317948698997498
5,45,14353,5249,0.024349331855773926,0.6551558375358582
6,45,14353,5249,0.02627255581319332,0.713573157787323
7,45,14353,5249,0.033168114721775055,0.769889771938324
8,45,14353,5249,0.04285589978098869,0.7636727690696716
9,45,14353,5249,0.04669633507728577,0.8050692081451416
10,45,14353,5249,0.05962789058685303,0.6973471641540527
11,45,14353,5249,0.13624832034111023,0.7068505883216858
0,46,14353,5275,0.011454775929450989,0.8183237910270691
1,46,14353,5275,0.016607237979769707,0.5270530581474304
2,46,14353,5275,0.025314977392554283,0.5876540541648865
3,46,14353,5275,0.0408514104783535,0.5840247273445129
4,46,14353,5275,0.0233241468667984,0.6284000277519226
5,46,14353,5275,0.02453410066664219,0.6525448560714722
6,46,14353,5275,0.026555335149168968,0.7115678787231445
7,46,14353,5275,0.03354285657405853,0.7678677439689636
8,46,14353,5275,0.04346084967255592,0.7619673609733582
9,46,14353,5275,0.04694931581616402,0.8025957942008972
10,46,14353,5275,0.06023848056793213,0.6907359957695007
11,46,14353,5275,0.13577282428741455,0.7041226029396057
0,47,14353,5299,0.011668272316455841,0.8149099349975586
1,47,14353,5299,0.016862669959664345,0.5114976763725281
2,47,14353,5299,0.02558509074151516,0.579951286315918
3,47,14353,5299,0.04124206304550171,0.5774000287055969
4,47,14353,5299,0.02338782511651516,0.6277231574058533
5,47,14353,5299,0.0245052482932806,0.6520481109619141
6,47,14353,5299,0.026585916057229042,0.7095322608947754
7,47,14353,5299,0.03358647599816322,0.7678077816963196
8,47,14353,5299,0.04354426637291908,0.761699378490448
9,47,14353,5299,0.047444362193346024,0.8015984892845154
10,47,14353,5299,0.06070386990904808,0.6888929009437561
11,47,14353,5299,0.14244508743286133,0.7010288238525391
0,48,14353,5288,0.01126371044665575,0.8211550116539001
1,48,14353,5288,0.01636168733239174,0.5376622080802917
2,48,14353,5288,0.025085732340812683,0.5964840054512024
3,48,14353,5288,0.04081651568412781,0.5919346809387207
4,48,14353,5288,0.023142123594880104,0.6330559849739075
5,48,14353,5288,0.02433670125901699,0.6557530164718628
6,48,14353,5288,0.02643854357302189,0.7120153307914734
7,48,14353,5288,0.03317151218652725,0.7684909701347351
8,48,14353,5288,0.043104011565446854,0.7625095248222351
9,48,14353,5288,0.04666261002421379,0.8039401173591614
10,48,14353,5288,0.0599706768989563,0.6928069591522217
11,48,14353,5288,0.13603141903877258,0.7112541794776917
0,49,14353,5271,0.011879827827215195,0.8127140998840332
1,49,14353,5271,0.016977865248918533,0.511873185634613
2,49,14353,5271,0.0257240179926157,0.5813119411468506
3,49,14353,5271,0.041170354932546616,0.5807528495788574
4,49,14353,5271,0.023347100242972374,0.6273181438446045
5,49,14353,5271,0.024521583691239357,0.6526293754577637
6,49,14353,5271,0.026329735293984413,0.7112793922424316
7,49,14353,5271,0.033029571175575256,0.7672858834266663
8,49,14353,5271,0.043114617466926575,0.7624140381813049
9,49,14353,5271,0.04685327410697937,0.804539680480957
10,49,14353,5271,0.05952216312289238,0.6937301754951477
11,49,14353,5271,0.13514161109924316,0.7057747840881348
0,50,14353,5231,0.011635534465312958,0.8155401349067688
1,50,14353,5231,0.016842661425471306,0.5205176472663879
2,50,14353,5231,0.02544706128537655,0.5872287154197693
3,50,14353,5231,0.04097702354192734,0.5843024253845215
4,50,14353,5231,0.0232870951294899,0.6300112009048462
5,50,14353,5231,0.024351462721824646,0.6547524333000183
6,50,14353,5231,0.026275627315044403,0.7106232643127441
7,50,14353,5231,0.03304141387343407,0.7665162682533264
8,50,14353,5231,0.04336845874786377,0.7573812007904053
9,50,14353,5231,0.0465867705643177,0.802156925201416
10,50,14353,5231,0.05935398116707802,0.6928127408027649
11,50,14353,5231,0.13490144908428192,0.7059749960899353
0,51,14353,5277,0.011505273170769215,0.8175432085990906
1,51,14353,5277,0.016589205712080002,0.5301916003227234
2,51,14353,5277,0.025449931621551514,0.5931563377380371
3,51,14353,5277,0.040856100618839264,0.5906924605369568
4,51,14353,5277,0.023163795471191406,0.6322652697563171
5,51,14353,5277,0.024365177378058434,0.6553955674171448
6,51,14353,5277,0.026257047429680824,0.7139027714729309
7,51,14353,5277,0.033210646361112595,0.7691472172737122
8,51,14353,5277,0.043255869299173355,0.7644901275634766
9,51,14353,5277,0.0468849241733551,0.8047258257865906
10,51,14353,5277,0.06009623408317566,0.6947360634803772
11,51,14353,5277,0.13578851521015167,0.7018049359321594
0,52,14353,5301,0.011928905732929707,0.8118932247161865
1,52,14353,5301,0.016983583569526672,0.5138565301895142
2,52,14353,5301,0.02560751885175705,0.5837048888206482
3,52,14353,5301,0.04107636585831642,0.5826413631439209
4,52,14353,5301,0.023444736376404762,0.6279202699661255
5,52,14353,5301,0.024493172764778137,0.6528118252754211
6,52,14353,5301,0.02642780728638172,0.7110398411750793
7,52,14353,5301,0.033319052308797836,0.7685033679008484
8,52,14353,5301,0.043729960918426514,0.759117066860199
9,52,14353,5301,0.04689779505133629,0.8022353649139404
10,52,14353,5301,0.05975416302680969,0.6933684349060059
11,52,14353,5301,0.13550721108913422,0.7053363919258118
0,53,14353,5255,0.011523197405040264,0.8176129460334778
1,53,14353,5255,0.016491059213876724,0.5301744341850281
2,53,14353,5255,0.025336259976029396,0.5917636752128601
3,53,14353,5255,0.040907591581344604,0.5875354409217834
4,53,14353,5255,0.02321820892393589,0.632403552532196
5,53,14353,5255,0.024461766704916954,0.6543660759925842
6,53,14353,5255,0.026426339522004128,0.711033046245575
7,53,14353,5255,0.03319663181900978,0.768434464931488
8,53,14353,5255,0.04324110969901085,0.76190185546875
9,53,14353,5255,0.046698588877916336,0.8039190769195557
10,53,14353,5255,0.059953149408102036,0.693957507610321
11,53,14353,5255,0.13588690757751465,0.6928580403327942
0,54,14353,5338,0.011595993302762508,0.8164827227592468
1,54,14353,5338,0.016556264832615852,0.5346607565879822
2,54,14353,5338,0.025328606367111206,0.5936128497123718
3,54,14353,5338,0.040925752371549606,0.5904303193092346
4,54,14353,5338,0.02302510477602482,0.6331793665885925
5,54,14353,5338,0.024215102195739746,0.6580384373664856
6,54,14353,5338,0.026248423382639885,0.7141395211219788
7,54,14353,5338,0.032962996512651443,0.7681112289428711
8,54,14353,5338,0.04303138330578804,0.7612159848213196
9,54,14353,5338,0.04675253853201866,0.8026382923126221
10,54,14353,5338,0.05975036695599556,0.6952802538871765
11,54,14353,5338,0.13789895176887512,0.7086327075958252
0,55,14353,5307,0.011392313055694103,0.8207038044929504
1,55,14353,5307,0.01643744297325611,0.5356423258781433
2,55,14353,5307,0.025123706087470055,0.5963546633720398
3,55,14353,5307,0.04069425165653229,0.5921065211296082
4,55,14353,5307,0.023002954199910164,0.6341221332550049
5,55,14353,5307,0.024111153557896614,0.6562941670417786
6,55,14353,5307,0.026208383962512016,0.7150840759277344
7,55,14353,5307,0.03286490961909294,0.7697632312774658
8,55,14353,5307,0.04287299886345863,0.7628013491630554
9,55,14353,5307,0.046473387628793716,0.8038143515586853
10,55,14353,5307,0.059748273342847824,0.6939733624458313
11,55,14353,5307,0.13492681086063385,0.6968820095062256
0,56,14353,5272,0.01137696672230959,0.8202511668205261
1,56,14353,5272,0.016528716310858727,0.5274016261100769
2,56,14353,5272,0.025295114144682884,0.5893258452415466
3,56,14353,5272,0.040898796170949936,0.5846667885780334
4,56,14353,5272,0.023302676156163216,0.6292912364006042
5,56,14353,5272,0.02445616014301777,0.653529942035675
6,56,14353,5272,0.02638794295489788,0.7104373574256897
7,56,14353,5272,0.033286020159721375,0.768546998500824
8,56,14353,5272,0.04334840178489685,0.7628330588340759
9,56,14353,5272,0.047032807022333145,0.80353182554245
10,56,14353,5272,0.060158342123031616,0.6927690505981445
11,56,14353,5272,0.13489100337028503,0.7060956954956055
0,57,14353,5264,0.012070275843143463,0.8104222416877747
1,57,14353,5264,0.01723981834948063,0.5121580958366394
2,57,14353,5264,0.025956464931368828,0.5810558795928955
3,57,14353,5264,0.041455864906311035,0.5797359943389893
4,57,14353,5264,0.02351321280002594,0.6269866824150085
5,57,14353,5264,0.02457263134419918,0.6505160331726074
6,57,14353,5264,0.02678779326379299,0.7063910961151123
7,57,14353,5264,0.03356264904141426,0.7634345889091492
8,57,14353,5264,0.04362822696566582,0.7587984204292297
9,57,14353,5264,0.04726795479655266,0.7990495562553406
10,57,14353,5264,0.06047382950782776,0.68916255235672
11,57,14353,5264,0.1446082890033722,0.7009239792823792
0,58,14353,5266,0.011329065077006817,0.8198596835136414
1,58,14353,5266,0.016541581600904465,0.5243002772331238
2,58,14353,5266,0.02537728101015091,0.5865883231163025
3,58,14353,5266,0.04087620973587036,0.5836341977119446
4,58,14353,5266,0.023295795544981956,0.6292392611503601
5,58,14353,5266,0.024494439363479614,0.6521499156951904
6,58,14353,5266,0.026535989716649055,0.7085034251213074
7,58,14353,5266,0.033274903893470764,0.7684867978096008
8,58,14353,5266,0.043389786034822464,0.7640838027000427
9,58,14353,5266,0.04715442657470703,0.8036770820617676
10,58,14353,5266,0.060576457530260086,0.6909778118133545
11,58,14353,5266,0.14124488830566406,0.7047255039215088
0,59,14353,5302,0.011519295163452625,0.8167805671691895
1,59,14353,5302,0.016555381938815117,0.5261655449867249
2,59,14353,5302,0.025305569171905518,0.5896191000938416
3,59,14353,5302,0.040822431445121765,0.5845248699188232
4,59,14353,5302,0.023237193003296852,0.6307777166366577
5,59,14353,5302,0.024388642981648445,0.6555353403091431
6,59,14353,5302,0.0263669490814209,0.7097527384757996
7,59,14353,5302,0.03322099149227142,0.7676244378089905
8,59,14353,5302,0.043178122490644455,0.7640506625175476
9,59,14353,5302,0.047025859355926514,0.8024576306343079
10,59,14353,5302,0.05996248126029968,0.6920797824859619
11,59,14353,5302,0.1341744065284729,0.7051224708557129
0,60,14353,5316,0.011395424604415894,0.8188155293464661
1,60,14353,5316,0.01649605669081211,0.5315830707550049
2,60,14353,5316,0.025308042764663696,0.5914018154144287
3,60,14353,5316,0.040815576910972595,0.5879798531532288
4,60,14353,5316,0.023240158334374428,0.631334125995636
5,60,14353,5316,0.024445662274956703,0.6532254815101624
6,60,14353,5316,0.026338452473282814,0.7121606469154358
7,60,14353,5316,0.033133964985609055,0.7677760124206543
8,60,14353,5316,0.043352529406547546,0.7587772011756897
9,60,14353,5316,0.046704281121492386,0.8038077354431152
10,60,14353,5316,0.05976758897304535,0.6942615509033203
11,60,14353,5316,0.13310597836971283,0.7142329216003418
0,61,14353,5215,0.011715438216924667,0.814368724822998
1,61,14353,5215,0.01718246005475521,0.5248966813087463
2,61,14353,5215,0.02556001953780651,0.5926653146743774
3,61,14353,5215,0.04112653434276581,0.590793251991272
4,61,14353,5215,0.023228662088513374,0.6319026947021484
5,61,14353,5215,0.02437717653810978,0.6547017693519592
6,61,14353,5215,0.02625863067805767,0.7140404582023621
7,61,14353,5215,0.033164095133543015,0.7670302391052246
8,61,14353,5215,0.04344506934285164,0.7619571685791016
9,61,14353,5215,0.046657074242830276,0.8023679852485657
10,61,14353,5215,0.060041144490242004,0.6941164135932922
11,61,14353,5215,0.1370479017496109,0.701322078704834
0,62,14353,5232,0.011455708183348179,0.8171408772468567
1,62,14353,5232,0.01660378836095333,0.5242838263511658
2,62,14353,5232,0.025348827242851257,0.5876381993293762
3,62,14353,5232,0.04077823460102081,0.5847156643867493
4,62,14353,5232,0.02327839471399784,0.6298450827598572
5,62,14353,5232,0.024579524993896484,0.6530873775482178
6,62,14353,5232,0.0265656765550375,0.7106399536132812
7,62,14353,5232,0.033211201429367065,0.7689592242240906
8,62,14353,5232,0.043496061116456985,0.764854907989502
9,62,14353,5232,0.04679311439394951,0.8038206100463867
10,62,14353,5232,0.059889886528253555,0.6926458477973938
11,62,14353,5232,0.1358257383108139,0.7069514393806458
0,63,14353,5335,0.011353653855621815,0.8192430138587952
1,63,14353,5335,0.016559181734919548,0.5263615250587463
2,63,14353,5335,0.025175219401717186,0.5914508700370789
3,63,14353,5335,0.040533941239118576,0.5857042074203491
4,63,14353,5335,0.023284347727894783,0.6301474571228027
5,63,14353,5335,0.02453492395579815,0.653136670589447
6,63,14353,5335,0.026542579755187035,0.7094211578369141
7,63,14353,5335,0.03329778090119362,0.7669288516044617
8,63,14353,5335,0.04331238195300102,0.7622740864753723
9,63,14353,5335,0.04698719456791878,0.8033367991447449
10,63,14353,5335,0.06029623746871948,0.6907821297645569
11,63,14353,5335,0.13541947305202484,0.694464921951294
0,64,14353,5259,0.011452463455498219,0.8199470043182373
1,64,14353,5259,0.016523154452443123,0.5322895646095276
2,64,14353,5259,0.025539139285683632,0.5915097594261169
3,64,14353,5259,0.041231315582990646,0.5858800411224365
4,64,14353,5259,0.02336736023426056,0.6301717758178711
5,64,14353,5259,0.024615466594696045,0.6534225344657898
6,64,14353,5259,0.026463329792022705,0.7139963507652283
7,64,14353,5259,0.033425185829401016,0.7689114212989807
8,64,14353,5259,0.04324259236454964,0.7638518810272217
9,64,14353,5259,0.046939823776483536,0.805435836315155
10,64,14353,5259,0.059612032026052475,0.6951086521148682
11,64,14353,5259,0.13504807651042938,0.7115686535835266
0,65,14353,5292,0.011683852411806583,0.8156867623329163
1,65,14353,5292,0.01687507890164852,0.529779314994812
2,65,14353,5292,0.02552235871553421,0.5932063460350037
3,65,14353,5292,0.041044000536203384,0.5909884572029114
4,65,14353,5292,0.023352839052677155,0.6303673386573792
5,65,14353,5292,0.02456962876021862,0.6531397700309753
6,65,14353,5292,0.02662651054561138,0.7132814526557922
7,65,14353,5292,0.03357398137450218,0.7682056427001953
8,65,14353,5292,0.043398961424827576,0.7630136609077454
9,65,14353,5292,0.04718741774559021,0.804273784160614
10,65,14353,5292,0.06018945574760437,0.694412887096405
11,65,14353,5292,0.13727803528308868,0.7035360336303711
0,66,14353,5258,0.011570703238248825,0.8179826736450195
1,66,14353,5258,0.016543367877602577,0.5335459113121033
2,66,14353,5258,0.025137081742286682,0.5953788161277771
3,66,14353,5258,0.040473487228155136,0.5926010012626648
4,66,14353,5258,0.022985339164733887,0.632926881313324
5,66,14353,5258,0.0243519339710474,0.6550002694129944
6,66,14353,5258,0.026209169998764992,0.7139498591423035
7,66,14353,5258,0.03293873369693756,0.7695048451423645
8,66,14353,5258,0.04321572184562683,0.7635068893432617
9,66,14353,5258,0.0464923195540905,0.8050605654716492
10,66,14353,5258,0.05986722186207771,0.6948848366737366
11,66,14353,5258,0.1365998536348343,0.701075553894043
0,67,14353,5243,0.011751674115657806,0.8141738772392273
1,67,14353,5243,0.016950756311416626,0.5188550353050232
2,67,14353,5243,0.02564830891788006,0.5871345400810242
3,67,14353,5243,0.04118021950125694,0.5829033851623535
4,67,14353,5243,0.023355713114142418,0.6294012665748596
5,67,14353,5243,0.02452702820301056,0.6536776423454285
6,67,14353,5243,0.026479437947273254,0.71027010679245
7,67,14353,5243,0.03320053592324257,0.7683579921722412
8,67,14353,5243,0.043535973876714706,0.7609073519706726
9,67,14353,5243,0.04698219895362854,0.8038120269775391
10,67,14353,5243,0.06001722812652588,0.6920936703681946
11,67,14353,5243,0.1368875950574875,0.7044894695281982
0,68,14353,5218,0.011550513096153736,0.818406879901886
1,68,14353,5218,0.016675511375069618,0.5231496691703796
2,68,14353,5218,0.025458699092268944,0.5881326794624329
3,68,14353,5218,0.04085083305835724,0.5848501324653625
4,68,14353,5218,0.023244226351380348,0.6303327679634094
5,68,14353,5218,0.0243669506162405,0.6548981070518494
6,68,14353,5218,0.02642148733139038,0.7103235125541687
7,68,14353,5218,0.033278848975896835,0.7679484486579895
8,68,14353,5218,0.04314113035798073,0.7613568305969238
9,68,14353,5218,0.04669780656695366,0.8025524616241455
10,68,14353,5218,0.059516411274671555,0.6928920745849609
11,68,14353,5218,0.13489313423633575,0.7019360661506653
0,69,14353,5205,0.011280357837677002,0.8207340240478516
1,69,14353,5205,0.01650809310376644,0.5295811891555786
2,69,14353,5205,0.025222614407539368,0.5920494198799133
3,69,14353,5205,0.04071744903922081,0.5881195664405823
4,69,14353,5205,0.023161062970757484,0.6321011185646057
5,69,14353,5205,0.024296768009662628,0.6549414992332458
6,69,14353,5205,0.026404859498143196,0.7100191116333008
7,69,14353,5205,0.03319080173969269,0.7665371894836426
8,69,14353,5205,0.04303843900561333,0.7614889144897461
9,69,14353,5205,0.0469030924141407,0.8025557398796082
10,69,14353,5205,0.0599890761077404,0.6941075325012207
11,69,14353,5205,0.1358419507741928,0.7097269892692566
0,70,14353,5248,0.011713244020938873,0.8145808577537537
1,70,14353,5248,0.016569914296269417,0.5283768773078918
2,70,14353,5248,0.025408171117305756,0.5936333537101746
3,70,14353,5248,0.04097897186875343,0.5910184383392334
4,70,14353,5248,0.023250604048371315,0.632252037525177
5,70,14353,5248,0.02440924383699894,0.6571331024169922
6,70,14353,5248,0.02641497738659382,0.7134197354316711
7,70,14353,5248,0.03317689895629883,0.7699599266052246
8,70,14353,5248,0.043303072452545166,0.7629745006561279
9,70,14353,5248,0.04686325415968895,0.8024547696113586
10,70,14353,5248,0.0600055567920208,0.6930082440376282
11,70,14353,5248,0.1365564912557602,0.7053584456443787
0,71,14353,5292,0.011571419425308704,0.8174443244934082
1,71,14353,5292,0.01688436232507229,0.5208907723426819
2,71,14353,5292,0.02552434615790844,0.5864686965942383
3,71,14353,5292,0.04105227813124657,0.5835420489311218
4,71,14353,5292,0.023419568315148354,0.6287795901298523
5,71,14353,5292,0.0244834516197443,0.6534695625305176
6,71,14353,5292,0.026454320177435875,0.7088932991027832
7,71,14353,5292,0.03324737772345543,0.7657400965690613
8,71,14353,5292,0.043352629989385605,0.7620074152946472
9,71,14353,5292,0.04703759029507637,0.8030970096588135
10,71,14353,5292,0.06008659303188324,0.6915097236633301
11,71,14353,5292,0.13743098080158234,0.7076373100280762
0,72,14353,5276,0.011635847389698029,0.8163366317749023
1,72,14353,5276,0.016579143702983856,0.5273739695549011
2,72,14353,5276,0.02525920607149601,0.5923596620559692
3,72,14353,5276,0.0407845713198185,0.589681088924408
4,72,14353,5276,0.0232081338763237,0.6319773197174072
5,72,14353,5276,0.024478936567902565,0.6554038524627686
6,72,14353,5276,0.026303693652153015,0.712503969669342
7,72,14353,5276,0.03317952901124954,0.7681613564491272
8,72,14353,5276,0.0433332584798336,0.763719379901886
9,72,14353,5276,0.04685361683368683,0.8060033917427063
10,72,14353,5276,0.060107093304395676,0.6951805949211121
11,72,14353,5276,0.13655638694763184,0.7060515284538269
0,73,14353,5269,0.011602506041526794,0.8157958388328552
1,73,14353,5269,0.016654133796691895,0.5287679433822632
2,73,14353,5269,0.02547454833984375,0.5936189889907837
3,73,14353,5269,0.041039805859327316,0.5899918675422668
4,73,14353,5269,0.023200495168566704,0.6331198215484619
5,73,14353,5269,0.024285482242703438,0.6569719910621643
6,73,14353,5269,0.0263697300106287,0.7134006023406982
7,73,14353,5269,0.033180322498083115,0.7698232531547546
8,73,14353,5269,0.04304000735282898,0.765328586101532
9,73,14353,5269,0.04657633230090141,0.8041694760322571
10,73,14353,5269,0.05963413789868355,0.6954522728919983
11,73,14353,5269,0.13580556213855743,0.7113434672355652
0,74,14353,5326,0.011846262030303478,0.8124036192893982
1,74,14353,5326,0.016875680536031723,0.5187518000602722
2,74,14353,5326,0.025721168145537376,0.5856119990348816
3,74,14353,5326,0.04133187606930733,0.5833615660667419
4,74,14353,5326,0.02344806306064129,0.6295449137687683
5,74,14353,5326,0.024555331096053123,0.6525751948356628
6,74,14353,5326,0.026617156341671944,0.7115654349327087
7,74,14353,5326,0.03329441323876381,0.7696049213409424
8,74,14353,5326,0.043583814054727554,0.7634121775627136
9,74,14353,5326,0.04713788628578186,0.8025636672973633
10,74,14353,5326,0.06014130637049675,0.6918290257453918
11,74,14353,5326,0.1359586864709854,0.7099571228027344
0,75,14353,5277,0.011492484249174595,0.8180001378059387
1,75,14353,5277,0.01649564318358898,0.5304116606712341
2,75,14353,5277,0.02528715692460537,0.593366265296936
3,75,14353,5277,0.040669675916433334,0.5912888646125793
4,75,14353,5277,0.023236319422721863,0.6317523121833801
5,75,14353,5277,0.024416526779532433,0.6543629765510559
6,75,14353,5277,0.026351198554039,0.7147390246391296
7,75,14353,5277,0.03316130116581917,0.7703596949577332
8,75,14353,5277,0.04310404136776924,0.7623693346977234
9,75,14353,5277,0.04661744460463524,0.8035250306129456
10,75,14353,5277,0.05988525226712227,0.6941788792610168
11,75,14353,5277,0.13543932139873505,0.7060887813568115
0,76,14353,5210,0.011284738779067993,0.8207507133483887
1,76,14353,5210,0.016193846240639687,0.5329506397247314
2,76,14353,5210,0.024881837889552116,0.5927956700325012
3,76,14353,5210,0.04037552699446678,0.5891628861427307
4,76,14353,5210,0.02280118130147457,0.6337006688117981
5,76,14353,5210,0.024043068289756775,0.6556835770606995
6,76,14353,5210,0.026193348690867424,0.7114360928535461
7,76,14353,5210,0.032861243933439255,0.7689130902290344
8,76,14353,5210,0.042832791805267334,0.761113703250885
9,76,14353,5210,0.046475280076265335,0.8046433329582214
10,76,14353,5210,0.059490054845809937,0.6943058967590332
11,76,14353,5210,0.13566988706588745,0.7111902236938477
0,77,14353,5255,0.011361896060407162,0.8195695281028748
1,77,14353,5255,0.016506986692547798,0.5293949246406555
2,77,14353,5255,0.02521260268986225,0.5899987816810608
3,77,14353,5255,0.04088125005364418,0.5838283896446228
4,77,14353,5255,0.023296097293496132,0.6290888786315918
5,77,14353,5255,0.02447761595249176,0.6531727313995361
6,77,14353,5255,0.026395322754979134,0.7111501693725586
7,77,14353,5255,0.03343670442700386,0.7692102789878845
8,77,14353,5255,0.04340282455086708,0.764449417591095
9,77,14353,5255,0.0468609593808651,0.8041483759880066
10,77,14353,5255,0.05985298380255699,0.692539632320404
11,77,14353,5255,0.1332309991121292,0.6967053413391113
0,78,14353,5273,0.011736634187400341,0.8161043524742126
1,78,14353,5273,0.017082372680306435,0.5165121555328369
2,78,14353,5273,0.025447746738791466,0.5865707993507385
3,78,14353,5273,0.041132573038339615,0.5822029709815979
4,78,14353,5273,0.023143857717514038,0.630378246307373
5,78,14353,5273,0.024355366826057434,0.6550490856170654
6,78,14353,5273,0.02636686898767948,0.7099948525428772
7,78,14353,5273,0.033195700496435165,0.7673258781433105
8,78,14353,5273,0.043028008192777634,0.7638567090034485
9,78,14353,5273,0.04695034399628639,0.8035809397697449
10,78,14353,5273,0.06009722873568535,0.6926937699317932
11,78,14353,5273,0.1349373310804367,0.707643985748291
0,79,14353,5261,0.011419118382036686,0.8190934062004089
1,79,14353,5261,0.01659817062318325,0.5278230309486389
2,79,14353,5261,0.025509094819426537,0.5907578468322754
3,79,14353,5261,0.040908005088567734,0.5889135003089905
4,79,14353,5261,0.023253215476870537,0.6308403015136719
5,79,14353,5261,0.024359771981835365,0.6556237936019897
6,79,14353,5261,0.026348402723670006,0.7146596908569336
7,79,14353,5261,0.0331338532269001,0.7708120346069336
8,79,14353,5261,0.043252404779195786,0.7635147571563721
9,79,14353,5261,0.04667152091860771,0.8044414520263672
10,79,14353,5261,0.059836190193891525,0.6941986083984375
11,79,14353,5261,0.13764674961566925,0.7025790810585022
0,80,14353,5320,0.011379553936421871,0.8221964240074158
1,80,14353,5320,0.016330674290657043,0.5316359996795654
2,80,14353,5320,0.02491915412247181,0.5949313044548035
3,80,14353,5320,0.04066609963774681,0.5876335501670837
4,80,14353,5320,0.023185664787888527,0.6307968497276306
5,80,14353,5320,0.024312296882271767,0.6560621857643127
6,80,14353,5320,0.02634807676076889,0.7124126553535461
7,80,14353,5320,0.03311450779438019,0.7691633105278015
8,80,14353,5320,0.04300482198596001,0.7614002227783203
9,80,14353,5320,0.04679025337100029,0.8028160929679871
10,80,14353,5320,0.059960175305604935,0.6937680244445801
11,80,14353,5320,0.13634514808654785,0.7103603482246399
0,81,14353,5295,0.011925831437110901,0.8104524612426758
1,81,14353,5295,0.017198624089360237,0.507127583026886
2,81,14353,5295,0.025696704164147377,0.5797329545021057
3,81,14353,5295,0.04130243882536888,0.5787494778633118
4,81,14353,5295,0.023341765627264977,0.6283305883407593
5,81,14353,5295,0.02472914196550846,0.6503202319145203
6,81,14353,5295,0.02660362422466278,0.7073222994804382
7,81,14353,5295,0.03336835280060768,0.7659904360771179
8,81,14353,5295,0.04379836842417717,0.7584829330444336
9,81,14353,5295,0.0471336729824543,0.8009358048439026
10,81,14353,5295,0.06010870262980461,0.6886753439903259
11,81,14353,5295,0.13482145965099335,0.7052828669548035
0,82,14353,5277,0.01138188038021326,0.81867915391922
1,82,14353,5277,0.016346333548426628,0.534346342086792
2,82,14353,5277,0.02511705458164215,0.5957059860229492
3,82,14353,5277,0.04059924557805061,0.5904254913330078
4,82,14353,5277,0.023007040843367577,0.633639395236969
5,82,14353,5277,0.024242481216788292,0.6562674045562744
6,82,14353,5277,0.026120254769921303,0.7123039364814758
7,82,14353,5277,0.03296598792076111,0.7696097493171692
8,82,14353,5277,0.042681556195020676,0.7626211047172546
9,82,14353,5277,0.046466220170259476,0.8046620488166809
10,82,14353,5277,0.059077490121126175,0.6969061493873596
11,82,14353,5277,0.13513053953647614,0.7082815766334534
0,83,14353,5267,0.011529901064932346,0.8178908228874207
1,83,14353,5267,0.016755111515522003,0.5262150764465332
2,83,14353,5267,0.025399208068847656,0.5891589522361755
3,83,14353,5267,0.041086286306381226,0.5843999981880188
4,83,14353,5267,0.023267507553100586,0.6300855278968811
5,83,14353,5267,0.02455131709575653,0.6517559885978699
6,83,14353,5267,0.026482559740543365,0.7117855548858643
7,83,14353,5267,0.03313155844807625,0.7688776850700378
8,83,14353,5267,0.04311468079686165,0.7599825859069824
9,83,14353,5267,0.04704965278506279,0.8011768460273743
10,83,14353,5267,0.06010226532816887,0.6923248767852783
11,83,14353,5267,0.1383674293756485,0.7080146670341492
0,84,14353,5306,0.011553853750228882,0.8184793591499329
1,84,14353,5306,0.01653132401406765,0.5305016040802002
2,84,14353,5306,0.025291452184319496,0.5915272831916809
3,84,14353,5306,0.040951792150735855,0.5863445401191711
4,84,14353,5306,0.023180119693279266,0.6309202313423157
5,84,14353,5306,0.02432592399418354,0.6550572514533997
6,84,14353,5306,0.026454618200659752,0.713153064250946
7,84,14353,5306,0.033075977116823196,0.7707783579826355
8,84,14353,5306,0.04282226040959358,0.7656493186950684
9,84,14353,5306,0.046720001846551895,0.8042573928833008
10,84,14353,5306,0.06001002714037895,0.6956232190132141
11,84,14353,5306,0.1331460326910019,0.7050642967224121
0,85,14353,5286,0.011483746580779552,0.8191299438476562
1,85,14353,5286,0.01684907078742981,0.5310762524604797
2,85,14353,5286,0.02521633543074131,0.5935772061347961
3,85,14353,5286,0.04064643383026123,0.5894029140472412
4,85,14353,5286,0.02310253120958805,0.6334419250488281
5,85,14353,5286,0.02433083951473236,0.6562840938568115
6,85,14353,5286,0.026322493329644203,0.7144770622253418
7,85,14353,5286,0.03296450898051262,0.7709863185882568
8,85,14353,5286,0.04298579692840576,0.763482391834259
9,85,14353,5286,0.046730365604162216,0.8049591183662415
10,85,14353,5286,0.05977750942111015,0.6941927075386047
11,85,14353,5286,0.13539175689220428,0.7055783271789551
0,86,14353,5283,0.011582235805690289,0.8173317909240723
1,86,14353,5283,0.01666354387998581,0.5239595770835876
2,86,14353,5283,0.025269171223044395,0.5912735462188721
3,86,14353,5283,0.040971752256155014,0.5863668918609619
4,86,14353,5283,0.02320893108844757,0.6305871605873108
5,86,14353,5283,0.024383509531617165,0.6547939777374268
6,86,14353,5283,0.026286302134394646,0.7135054469108582
7,86,14353,5283,0.03332195430994034,0.7672865986824036
8,86,14353,5283,0.0432727225124836,0.7626689076423645
9,86,14353,5283,0.04674649238586426,0.8048178553581238
10,86,14353,5283,0.06015786528587341,0.6933194994926453
11,86,14353,5283,0.137950137257576,0.7074780464172363
0,87,14353,5257,0.011062555015087128,0.8238745331764221
1,87,14353,5257,0.016164012253284454,0.5317520499229431
2,87,14353,5257,0.024932466447353363,0.5905081629753113
3,87,14353,5257,0.04054432734847069,0.5838505625724792
4,87,14353,5257,0.022985542193055153,0.6320174336433411
5,87,14353,5257,0.024222737178206444,0.6548011898994446
6,87,14353,5257,0.026214569807052612,0.7132322788238525
7,87,14353,5257,0.03317992389202118,0.7701594233512878
8,87,14353,5257,0.043179046362638474,0.7614237666130066
9,87,14353,5257,0.04687638208270073,0.80122971534729
10,87,14353,5257,0.05985863879323006,0.6895585656166077
11,87,14353,5257,0.13293221592903137,0.7063639760017395
0,88,14353,5232,0.011826750822365284,0.814659833908081
1,88,14353,5232,0.016960224136710167,0.5226898789405823
2,88,14353,5232,0.02559533156454563,0.590570867061615
3,88,14353,5232,0.04097183048725128,0.5892356038093567
4,88,14353,5232,0.023279882967472076,0.630674421787262
5,88,14353,5232,0.02440558932721615,0.6543925404548645
6,88,14353,5232,0.026445945724844933,0.7128388285636902
7,88,14353,5232,0.033342186361551285,0.7693583369255066
8,88,14353,5232,0.043359529227018356,0.7620285153388977
9,88,14353,5232,0.04686528071761131,0.8038139343261719
10,88,14353,5232,0.05981137976050377,0.6946830153465271
11,88,14353,5232,0.14050035178661346,0.7036457061767578
0,89,14353,5246,0.011479709297418594,0.8197516798973083
1,89,14353,5246,0.01661565713584423,0.5251879096031189
2,89,14353,5246,0.025390034541487694,0.5887574553489685
3,89,14353,5246,0.040901076048612595,0.5844644904136658
4,89,14353,5246,0.023219145834445953,0.6297711133956909
5,89,14353,5246,0.024401098489761353,0.6528612971305847
6,89,14353,5246,0.026220431551337242,0.7128806114196777
7,89,14353,5246,0.03303619846701622,0.7675765156745911
8,89,14353,5246,0.04317454621195793,0.7618153691291809
9,89,14353,5246,0.04674450680613518,0.8033654093742371
10,89,14353,5246,0.06002296879887581,0.6916999816894531
11,89,14353,5246,0.13701190054416656,0.7071754336357117
0,90,14353,5293,0.011384326033294201,0.8201181292533875
1,90,14353,5293,0.016452176496386528,0.5323742032051086
2,90,14353,5293,0.025088747963309288,0.5955408215522766
3,90,14353,5293,0.040567636489868164,0.5924002528190613
4,90,14353,5293,0.023044949397444725,0.6331959366798401
5,90,14353,5293,0.024298598989844322,0.6564147472381592
6,90,14353,5293,0.026308180764317513,0.7136328220367432
7,90,14353,5293,0.03309693932533264,0.7677785754203796
8,90,14353,5293,0.04320880398154259,0.7620194554328918
9,90,14353,5293,0.04677322879433632,0.8038046360015869
10,90,14353,5293,0.0600668229162693,0.6930673718452454
11,90,14353,5293,0.14087441563606262,0.7094388008117676
0,91,14353,5282,0.01139568816870451,0.820277750492096
1,91,14353,5282,0.01645825430750847,0.522493839263916
2,91,14353,5282,0.025272538885474205,0.5858332514762878
3,91,14353,5282,0.04098064452409744,0.581017017364502
4,91,14353,5282,0.0232018381357193,0.6301310062408447
5,91,14353,5282,0.024299323558807373,0.6549838781356812
6,91,14353,5282,0.02646578848361969,0.711069643497467
7,91,14353,5282,0.03327243775129318,0.7674248218536377
8,91,14353,5282,0.04324963688850403,0.7596030831336975
9,91,14353,5282,0.04692905768752098,0.8015715479850769
10,91,14353,5282,0.05980287864804268,0.6918549537658691
11,91,14353,5282,0.1363399624824524,0.7032315135002136
0,92,14353,5233,0.011483212001621723,0.8173856735229492
1,92,14353,5233,0.0165265966206789,0.5322897434234619
2,92,14353,5233,0.025265196338295937,0.595107913017273
3,92,14353,5233,0.04075419530272484,0.590979278087616
4,92,14353,5233,0.02312125824391842,0.6329141855239868
5,92,14353,5233,0.024247907102108,0.6554880738258362
6,92,14353,5233,0.026305511593818665,0.7103831768035889
7,92,14353,5233,0.03313979133963585,0.769698441028595
8,92,14353,5233,0.0428830087184906,0.7677404284477234
9,92,14353,5233,0.046475231647491455,0.8055200576782227
10,92,14353,5233,0.05956127867102623,0.6953358054161072
11,92,14353,5233,0.13674689829349518,0.7011117935180664
0,93,14353,5271,0.011685063131153584,0.8157840371131897
1,93,14353,5271,0.01660478115081787,0.5246692895889282
2,93,14353,5271,0.025270143523812294,0.589972972869873
3,93,14353,5271,0.04087895527482033,0.5845087170600891
4,93,14353,5271,0.0230886097997427,0.6314976215362549
5,93,14353,5271,0.024197489023208618,0.6542395949363708
6,93,14353,5271,0.026373639702796936,0.7120788097381592
7,93,14353,5271,0.03317568451166153,0.7695724368095398
8,93,14353,5271,0.04311685264110565,0.7620317339897156
9,93,14353,5271,0.046889398247003555,0.8046307563781738
10,93,14353,5271,0.05958474799990654,0.6949210166931152
11,93,14353,5271,0.13352030515670776,0.7022497057914734
0,94,14353,5272,0.011280993930995464,0.8209777474403381
1,94,14353,5272,0.01641787402331829,0.5358434915542603
2,94,14353,5272,0.025152450427412987,0.595696210861206
3,94,14353,5272,0.040676381438970566,0.5918781161308289
4,94,14353,5272,0.02308574877679348,0.632906973361969
5,94,14353,5272,0.024274766445159912,0.6556124091148376
6,94,14353,5272,0.026295075193047523,0.7125701308250427
7,94,14353,5272,0.03291409835219383,0.7684467434883118
8,94,14353,5272,0.04305163025856018,0.759861171245575
9,94,14353,5272,0.046799659729003906,0.8042116165161133
10,94,14353,5272,0.05974389612674713,0.6943985819816589
11,94,14353,5272,0.13537418842315674,0.6997625231742859
0,95,14353,5257,0.011870208196341991,0.8132856488227844
1,95,14353,5257,0.01704379916191101,0.5098270773887634
2,95,14353,5257,0.025767946615815163,0.5791905522346497
3,95,14353,5257,0.04124043881893158,0.5765464901924133
4,95,14353,5257,0.023401692509651184,0.6270395517349243
5,95,14353,5257,0.024552488699555397,0.6503887176513672
6,95,14353,5257,0.026553303003311157,0.7075961232185364
7,95,14353,5257,0.03315027058124542,0.7680878639221191
8,95,14353,5257,0.04350902512669563,0.7598037719726562
9,95,14353,5257,0.04696376994252205,0.8024891018867493
10,95,14353,5257,0.0601368211209774,0.6903641223907471
11,95,14353,5257,0.13651438057422638,0.7088056206703186
0,96,14353,5311,0.011462688446044922,0.8189228177070618
1,96,14353,5311,0.016659172251820564,0.5239936113357544
2,96,14353,5311,0.02555187977850437,0.5853988528251648
3,96,14353,5311,0.041205476969480515,0.5825876593589783
4,96,14353,5311,0.023420212790369987,0.6279275417327881
5,96,14353,5311,0.024617359042167664,0.6531190276145935
6,96,14353,5311,0.026559049263596535,0.7116143703460693
7,96,14353,5311,0.03337066248059273,0.7671375274658203
8,96,14353,5311,0.043484169989824295,0.7618767619132996
9,96,14353,5311,0.04702867195010185,0.8024246096611023
10,96,14353,5311,0.05999870225787163,0.6927071213722229
11,96,14353,5311,0.13578101992607117,0.6990585327148438
0,97,14353,5254,0.01183436531573534,0.8127310276031494
1,97,14353,5254,0.017091909423470497,0.5224286317825317
2,97,14353,5254,0.025740215554833412,0.5907737016677856
3,97,14353,5254,0.04121977463364601,0.5887822508811951
4,97,14353,5254,0.023336073383688927,0.630777895450592
5,97,14353,5254,0.02451382391154766,0.6528328061103821
6,97,14353,5254,0.02647104300558567,0.7100388407707214
7,97,14353,5254,0.03321535140275955,0.7664074897766113
8,97,14353,5254,0.043198347091674805,0.7602048516273499
9,97,14353,5254,0.04692333936691284,0.8017492294311523
10,97,14353,5254,0.0596233494579792,0.6921523213386536
11,97,14353,5254,0.13798868656158447,0.7028005719184875
0,98,14353,5244,0.011442583985626698,0.8170700073242188
1,98,14353,5244,0.016296261921525,0.5360323786735535
2,98,14353,5244,0.02510409615933895,0.5975560545921326
3,98,14353,5244,0.040447164326906204,0.5952741503715515
4,98,14353,5244,0.023148372769355774,0.6348752975463867
5,98,14353,5244,0.024266282096505165,0.6589018702507019
6,98,14353,5244,0.026296531781554222,0.7175338268280029
7,98,14353,5244,0.033211588859558105,0.7690873146057129
8,98,14353,5244,0.043215591460466385,0.7637662291526794
9,98,14353,5244,0.046500518918037415,0.8065806031227112
10,98,14353,5244,0.05931801721453667,0.6986942291259766
11,98,14353,5244,0.1345447301864624,0.7045063972473145
0,99,14353,5311,0.011518597602844238,0.8175159096717834
1,99,14353,5311,0.01669456996023655,0.522538423538208
2,99,14353,5311,0.0253889262676239,0.5862956047058105
3,99,14353,5311,0.04088578000664711,0.5835239887237549
4,99,14353,5311,0.023257171735167503,0.6287388205528259
5,99,14353,5311,0.024497762322425842,0.6533222794532776
6,99,14353,5311,0.02632920630276203,0.7117697596549988
7,99,14353,5311,0.03337687626481056,0.7672073245048523
8,99,14353,5311,0.04348287358880043,0.7598865628242493
9,99,14353,5311,0.04712672159075737,0.8004012107849121
10,99,14353,5311,0.060470763593912125,0.6895095705986023
11,99,14353,5311,0.13519276678562164,0.6943805813789368
0,100,14353,5320,0.011592409573495388,0.8181228637695312
1,100,14353,5320,0.01682915724813938,0.5220039486885071
2,100,14353,5320,0.025664575397968292,0.5849568247795105
3,100,14353,5320,0.04100976511836052,0.5827814340591431
4,100,14353,5320,0.023372629657387733,0.6280617117881775
5,100,14353,5320,0.024473944678902626,0.6528986692428589
6,100,14353,5320,0.0264575332403183,0.7118913531303406
7,100,14353,5320,0.03314581140875816,0.7690882682800293
8,100,14353,5320,0.04338744655251503,0.7630392909049988
9,100,14353,5320,0.04681917652487755,0.8043968081474304
10,100,14353,5320,0.06009553000330925,0.6914896965026855
11,100,14353,5320,0.13534772396087646,0.7048983573913574
0,101,14353,5236,0.011537235230207443,0.8181142210960388
1,101,14353,5236,0.0167375635355711,0.5136493444442749
2,101,14353,5236,0.025478245690464973,0.5823469758033752
3,101,14353,5236,0.04104180634021759,0.5768997669219971
4,101,14353,5236,0.023481493815779686,0.626272976398468
5,101,14353,5236,0.024615203961730003,0.6516484618186951
6,101,14353,5236,0.02675260789692402,0.7077350616455078
7,101,14353,5236,0.03371623530983925,0.7680374979972839
8,101,14353,5236,0.043668847531080246,0.762277364730835
9,101,14353,5236,0.04747198894619942,0.8020421862602234
10,101,14353,5236,0.06067385897040367,0.6880351901054382
11,101,14353,5236,0.13515448570251465,0.7051662802696228
0,102,14353,5340,0.011386272497475147,0.8197792172431946
1,102,14353,5340,0.01638232357800007,0.5307736992835999
2,102,14353,5340,0.025151750072836876,0.5927168726921082
3,102,14353,5340,0.040834877640008926,0.5875372886657715
4,102,14353,5340,0.023207716643810272,0.6310665011405945
5,102,14353,5340,0.0243543591350317,0.6550546288490295
6,102,14353,5340,0.026436567306518555,0.7122731804847717
7,102,14353,5340,0.03357253596186638,0.7692111134529114
8,102,14353,5340,0.04337050020694733,0.7621443271636963
9,102,14353,5340,0.047200340777635574,0.8027662634849548
10,102,14353,5340,0.06058429181575775,0.6931094527244568
11,102,14353,5340,0.13670124113559723,0.695173442363739
0,103,14353,5264,0.011604073457419872,0.8167059421539307
1,103,14353,5264,0.01664498634636402,0.5283746719360352
2,103,14353,5264,0.02537388913333416,0.5924360752105713
3,103,14353,5264,0.04091581702232361,0.5882609486579895
4,103,14353,5264,0.02326776646077633,0.6315092444419861
5,103,14353,5264,0.024335091933608055,0.6540927290916443
6,103,14353,5264,0.026326224207878113,0.7112956047058105
7,103,14353,5264,0.033230140805244446,0.7687661647796631
8,103,14353,5264,0.043139223009347916,0.7643830180168152
9,103,14353,5264,0.04685898497700691,0.8026375770568848
10,103,14353,5264,0.05957694724202156,0.6935747265815735
11,103,14353,5264,0.13579986989498138,0.7065169215202332
0,104,14353,5254,0.011811859905719757,0.8150346875190735
1,104,14353,5254,0.01729239523410797,0.5148388743400574
2,104,14353,5254,0.025606900453567505,0.5843454003334045
3,104,14353,5254,0.04118272289633751,0.5812095999717712
4,104,14353,5254,0.023343542590737343,0.6282841563224792
5,104,14353,5254,0.024600638076663017,0.6524057984352112
6,104,14353,5254,0.02657102234661579,0.7093958854675293
7,104,14353,5254,0.033359792083501816,0.7677676677703857
8,104,14353,5254,0.04347136244177818,0.7612810134887695
9,104,14353,5254,0.047084104269742966,0.8031910061836243
10,104,14353,5254,0.059943247586488724,0.6919882893562317
11,104,14353,5254,0.13700681924819946,0.7072970271110535
0,105,14353,5259,0.011764210648834705,0.813592255115509
1,105,14353,5259,0.016724226996302605,0.5309084057807922
2,105,14353,5259,0.025529956445097923,0.5963201522827148
3,105,14353,5259,0.040833014994859695,0.5955225825309753
4,105,14353,5259,0.023211514577269554,0.6330811977386475
5,105,14353,5259,0.024436792358756065,0.6565248370170593
6,105,14353,5259,0.026314591988921165,0.715326726436615
7,105,14353,5259,0.03299739584326744,0.7687902450561523
8,105,14353,5259,0.04299948737025261,0.7609993815422058
9,105,14353,5259,0.04666532203555107,0.8025043606758118
10,105,14353,5259,0.05953700840473175,0.6967997550964355
11,105,14353,5259,0.13758203387260437,0.7004668116569519
0,106,14353,5274,0.011456787586212158,0.8201667666435242
1,106,14353,5274,0.016560032963752747,0.5222563147544861
2,106,14353,5274,0.02550494112074375,0.5847156643867493
3,106,14353,5274,0.0410296805202961,0.5806863903999329
4,106,14353,5274,0.02340093068778515,0.6277114748954773
5,106,14353,5274,0.024455765262246132,0.6524774432182312
6,106,14353,5274,0.026487872004508972,0.7099382281303406
7,106,14353,5274,0.03326667472720146,0.7677760720252991
8,106,14353,5274,0.043352145701646805,0.7629914283752441
9,106,14353,5274,0.04690467193722725,0.8044419288635254
10,106,14353,5274,0.05997258424758911,0.6925473809242249
11,106,14353,5274,0.13548390567302704,0.7096890807151794
0,107,14353,5253,0.01167721301317215,0.8160621523857117
1,107,14353,5253,0.01673830673098564,0.51666259765625
2,107,14353,5253,0.025457998737692833,0.5849509835243225
3,107,14353,5253,0.04100188612937927,0.5803850293159485
4,107,14353,5253,0.023317351937294006,0.6279927492141724
5,107,14353,5253,0.024501726031303406,0.6538992524147034
6,107,14353,5253,0.026307761669158936,0.7099139094352722
7,107,14353,5253,0.033219825476408005,0.7673928141593933
8,107,14353,5253,0.043127793818712234,0.7627325654029846
9,107,14353,5253,0.04681091010570526,0.8040984272956848
10,107,14353,5253,0.060017991811037064,0.6918253302574158
11,107,14353,5253,0.13432222604751587,0.6957119107246399
0,108,14353,5234,0.011429128237068653,0.8206613659858704
1,108,14353,5234,0.01658281870186329,0.52613765001297
2,108,14353,5234,0.025305485352873802,0.5881380438804626
3,108,14353,5234,0.04090594872832298,0.5830892324447632
4,108,14353,5234,0.02325395680963993,0.6302265524864197
5,108,14353,5234,0.02442070282995701,0.6539912819862366
6,108,14353,5234,0.026369497179985046,0.7123019099235535
7,108,14353,5234,0.03309575095772743,0.7694455981254578
8,108,14353,5234,0.04334494099020958,0.7616090774536133
9,108,14353,5234,0.04654589295387268,0.8049850463867188
10,108,14353,5234,0.059866663068532944,0.6918208003044128
11,108,14353,5234,0.1342359036207199,0.7121322751045227
0,109,14353,5287,0.011845755390822887,0.8132054209709167
1,109,14353,5287,0.016956482082605362,0.5204076170921326
2,109,14353,5287,0.02552969567477703,0.5862639546394348
3,109,14353,5287,0.04112369939684868,0.5812423825263977
4,109,14353,5287,0.02329939790070057,0.6294410824775696
5,109,14353,5287,0.024465570226311684,0.6516485810279846
6,109,14353,5287,0.02642171084880829,0.7105860710144043
7,109,14353,5287,0.03327130898833275,0.7677860260009766
8,109,14353,5287,0.043347567319869995,0.7611417770385742
9,109,14353,5287,0.04702025651931763,0.8027124404907227
10,109,14353,5287,0.05990679934620857,0.6907291412353516
11,109,14353,5287,0.13626818358898163,0.6997155547142029
0,110,14353,5347,0.01178531814366579,0.8161051869392395
1,110,14353,5347,0.016770927235484123,0.5225172638893127
2,110,14353,5347,0.02543167769908905,0.5907154083251953
3,110,14353,5347,0.0408468060195446,0.5852858424186707
4,110,14353,5347,0.023247016593813896,0.6313431859016418
5,110,14353,5347,0.024363219738006592,0.6544172167778015
6,110,14353,5347,0.026324719190597534,0.7087071537971497
7,110,14353,5347,0.033185865730047226,0.766143798828125
8,110,14353,5347,0.0434151329100132,0.7606396079063416
9,110,14353,5347,0.04699334874749184,0.8023929595947266
10,110,14353,5347,0.05978545546531677,0.6925695538520813
11,110,14353,5347,0.13594286143779755,0.7045238614082336
0,111,14353,5255,0.011516906321048737,0.817882239818573
1,111,14353,5255,0.016969723626971245,0.5230892896652222
2,111,14353,5255,0.02539614774286747,0.5896876454353333
3,111,14353,5255,0.04085026681423187,0.5854130983352661
4,111,14353,5255,0.023267067968845367,0.6305387020111084
5,111,14353,5255,0.02439221180975437,0.6536824107170105
6,111,14353,5255,0.02628129906952381,0.709445059299469
7,111,14353,5255,0.03324315324425697,0.7663648724555969
8,111,14353,5255,0.04315866529941559,0.7635305523872375
9,111,14353,5255,0.04687155410647392,0.7999420166015625
10,111,14353,5255,0.05983307957649231,0.6903107762336731
11,111,14353,5255,0.13472409546375275,0.7060894966125488
0,112,14353,5254,0.01141450833529234,0.8194718956947327
1,112,14353,5254,0.016564810648560524,0.5229600667953491
2,112,14353,5254,0.02539094351232052,0.5873398184776306
3,112,14353,5254,0.04094858467578888,0.5820543766021729
4,112,14353,5254,0.023358017206192017,0.6294591426849365
5,112,14353,5254,0.024441665038466454,0.6543740034103394
6,112,14353,5254,0.026511000469326973,0.7096603512763977
7,112,14353,5254,0.03335891291499138,0.7691206932067871
8,112,14353,5254,0.04327886924147606,0.7664909958839417
9,112,14353,5254,0.0467328280210495,0.8054957389831543
10,112,14353,5254,0.060218557715415955,0.6914913654327393
11,112,14353,5254,0.13477101922035217,0.7023844718933105
0,113,14353,5294,0.01153408270329237,0.8178862929344177
1,113,14353,5294,0.016630517318844795,0.5236746668815613
2,113,14353,5294,0.02542305923998356,0.5876671671867371
3,113,14353,5294,0.04104110598564148,0.5845587849617004
4,113,14353,5294,0.023307472467422485,0.6298410892486572
5,113,14353,5294,0.02456706576049328,0.6534968018531799
6,113,14353,5294,0.0263917688280344,0.7114510536193848
7,113,14353,5294,0.03332657366991043,0.7693213820457458
8,113,14353,5294,0.04357799515128136,0.763669490814209
9,113,14353,5294,0.04700930416584015,0.8044486045837402
10,113,14353,5294,0.05979740247130394,0.6939557194709778
11,113,14353,5294,0.13382697105407715,0.6956698298454285
0,114,14353,5240,0.011521765030920506,0.816967785358429
1,114,14353,5240,0.01668403297662735,0.5271511077880859
2,114,14353,5240,0.025425255298614502,0.5906592011451721
3,114,14353,5240,0.04097196087241173,0.5884333848953247
4,114,14353,5240,0.023242967203259468,0.6306581497192383
5,114,14353,5240,0.024433931335806847,0.6534709334373474
6,114,14353,5240,0.02633523941040039,0.7124993205070496
7,114,14353,5240,0.03318406641483307,0.767925500869751
8,114,14353,5240,0.043185681104660034,0.7615456581115723
9,114,14353,5240,0.04688224196434021,0.8033706545829773
10,114,14353,5240,0.0598517470061779,0.6942150592803955
11,114,14353,5240,0.13772106170654297,0.7095432281494141
0,115,14353,5203,0.011714346706867218,0.8148776888847351
1,115,14353,5203,0.016904007643461227,0.5231598019599915
2,115,14353,5203,0.025645209476351738,0.5881960391998291
3,115,14353,5203,0.041270483285188675,0.5870851874351501
4,115,14353,5203,0.023422136902809143,0.6295859813690186
5,115,14353,5203,0.024626940488815308,0.6534467339515686
6,115,14353,5203,0.026567593216896057,0.7117630839347839
7,115,14353,5203,0.033418115228414536,0.7678606510162354
8,115,14353,5203,0.043475717306137085,0.7630097270011902
9,115,14353,5203,0.04691344499588013,0.8041432499885559
10,115,14353,5203,0.059949684888124466,0.6945838332176208
11,115,14353,5203,0.13715524971485138,0.7048702239990234
0,116,14353,5268,0.011799867264926434,0.8146499991416931
1,116,14353,5268,0.01678202860057354,0.5269880294799805
2,116,14353,5268,0.025505295023322105,0.5905734300613403
3,116,14353,5268,0.04085764288902283,0.5878322720527649
4,116,14353,5268,0.023334400728344917,0.629710853099823
5,116,14353,5268,0.024359801784157753,0.6560479998588562
6,116,14353,5268,0.026235321536660194,0.7138502597808838
7,116,14353,5268,0.0331265889108181,0.7694419026374817
8,116,14353,5268,0.04322947934269905,0.7634604573249817
9,116,14353,5268,0.04695054888725281,0.8029429912567139
10,116,14353,5268,0.0598561055958271,0.6943625807762146
11,116,14353,5268,0.13800568878650665,0.7077988982200623
0,117,14353,5276,0.011847428977489471,0.8129783272743225
1,117,14353,5276,0.017001016065478325,0.5107879042625427
2,117,14353,5276,0.025811567902565002,0.5804362297058105
3,117,14353,5276,0.041154298931360245,0.578915536403656
4,117,14353,5276,0.02338612638413906,0.6279448866844177
5,117,14353,5276,0.024561844766139984,0.649963915348053
6,117,14353,5276,0.026425691321492195,0.7051501274108887
7,117,14353,5276,0.03311734274029732,0.7652323842048645
8,117,14353,5276,0.043670251965522766,0.7557291984558105
9,117,14353,5276,0.04716065898537636,0.7985942959785461
10,117,14353,5276,0.06027032807469368,0.6877163052558899
11,117,14353,5276,0.13450752198696136,0.694544792175293
0,118,14353,5227,0.011512022465467453,0.8168333172798157
1,118,14353,5227,0.01656041480600834,0.5237417817115784
2,118,14353,5227,0.02549385465681553,0.5890217423439026
3,118,14353,5227,0.04093298688530922,0.5861385464668274
4,118,14353,5227,0.02331545762717724,0.6306824088096619
5,118,14353,5227,0.02447078935801983,0.6542854309082031
6,118,14353,5227,0.02652866579592228,0.712398111820221
7,118,14353,5227,0.03319047763943672,0.7705667614936829
8,118,14353,5227,0.04320193827152252,0.7647551894187927
9,118,14353,5227,0.04716963693499565,0.8037176132202148
10,118,14353,5227,0.0604046992957592,0.692262589931488
11,118,14353,5227,0.13583146035671234,0.698763370513916
0,119,14353,5303,0.011616739444434643,0.8154735565185547
1,119,14353,5303,0.016575271263718605,0.5261526703834534
2,119,14353,5303,0.025111811235547066,0.5905325412750244
3,119,14353,5303,0.04067563638091087,0.5867217183113098
4,119,14353,5303,0.023104632273316383,0.6308642029762268
5,119,14353,5303,0.024406934157013893,0.6552102565765381
6,119,14353,5303,0.02651951275765896,0.7126893401145935
7,119,14353,5303,0.033094439655542374,0.7692210674285889
8,119,14353,5303,0.04300891235470772,0.7632929682731628
9,119,14353,5303,0.046719178557395935,0.8042976260185242
10,119,14353,5303,0.05982048809528351,0.694593608379364
11,119,14353,5303,0.13393299281597137,0.7027823328971863
0,120,14353,5357,0.011574638076126575,0.8167262077331543
1,120,14353,5357,0.016602108255028725,0.5255901217460632
2,120,14353,5357,0.02547510154545307,0.589541494846344
3,120,14353,5357,0.041054900735616684,0.5858905911445618
4,120,14353,5357,0.023397380486130714,0.6301249861717224
5,120,14353,5357,0.024515187367796898,0.6540282964706421
6,120,14353,5357,0.026594242081046104,0.7113603949546814
7,120,14353,5357,0.03316138684749603,0.7684887051582336
8,120,14353,5357,0.04347919300198555,0.762077271938324
9,120,14353,5357,0.04685421288013458,0.804804265499115
10,120,14353,5357,0.05989203229546547,0.6932054162025452
11,120,14353,5357,0.1340886801481247,0.7010876536369324
0,121,14353,5268,0.011664655059576035,0.8157405853271484
1,121,14353,5268,0.016816990450024605,0.5228967070579529
2,121,14353,5268,0.02563565783202648,0.5878968834877014
3,121,14353,5268,0.04128517583012581,0.5849589705467224
4,121,14353,5268,0.023350104689598083,0.630279004573822
5,121,14353,5268,0.02460658736526966,0.6535022258758545
6,121,14353,5268,0.026523828506469727,0.711645781993866
7,121,14353,5268,0.033213626593351364,0.7685731053352356
8,121,14353,5268,0.04345066472887993,0.7640350461006165
9,121,14353,5268,0.04680563881993294,0.8039934635162354
10,121,14353,5268,0.059831783175468445,0.6953351497650146
11,121,14353,5268,0.13573956489562988,0.7106441855430603
0,122,14353,5306,0.011688257567584515,0.8137896656990051
1,122,14353,5306,0.016726715490221977,0.5324223041534424
2,122,14353,5306,0.025567444041371346,0.5966295599937439
3,122,14353,5306,0.0410119853913784,0.594207227230072
4,122,14353,5306,0.023300645872950554,0.6329905986785889
5,122,14353,5306,0.024452516809105873,0.6548760533332825
6,122,14353,5306,0.026469575241208076,0.7130053639411926
7,122,14353,5306,0.03311916068196297,0.7694819569587708
8,122,14353,5306,0.04320906102657318,0.7603192329406738
9,122,14353,5306,0.046753402799367905,0.8021450638771057
10,122,14353,5306,0.05975179001688957,0.6946341395378113
11,122,14353,5306,0.13694484531879425,0.7008509039878845
0,123,14353,5260,0.011812388896942139,0.81423020362854
1,123,14353,5260,0.01691555418074131,0.5218273997306824
2,123,14353,5260,0.025584230199456215,0.5885472297668457
3,123,14353,5260,0.041139524430036545,0.5846396684646606
4,123,14353,5260,0.023244664072990417,0.6307761669158936
5,123,14353,5260,0.024435343220829964,0.6545090079307556
6,123,14353,5260,0.026278235018253326,0.7115980982780457
7,123,14353,5260,0.033269595354795456,0.76841801404953
8,123,14353,5260,0.04319209232926369,0.7651233673095703
9,123,14353,5260,0.04669736698269844,0.8049774169921875
10,123,14353,5260,0.059419333934783936,0.6929523348808289
11,123,14353,5260,0.13387328386306763,0.7070011496543884
0,124,14353,5245,0.0115618035197258,0.8164674639701843
1,124,14353,5245,0.016643809154629707,0.5260428786277771
2,124,14353,5245,0.02540901117026806,0.5879837274551392
3,124,14353,5245,0.04107767716050148,0.5838590264320374
4,124,14353,5245,0.02340824343264103,0.6285989880561829
5,124,14353,5245,0.024517908692359924,0.6542893052101135
6,124,14353,5245,0.02661716192960739,0.7116991877555847
7,124,14353,5245,0.03353281691670418,0.7676231861114502
8,124,14353,5245,0.04356237128376961,0.7609022259712219
9,124,14353,5245,0.04725562408566475,0.8009912371635437
10,124,14353,5245,0.06020280718803406,0.6911337971687317
11,124,14353,5245,0.1368294209241867,0.7042829394340515
0,125,14353,5204,0.011410340666770935,0.8187763094902039
1,125,14353,5204,0.01648762822151184,0.5343741178512573
2,125,14353,5204,0.025190358981490135,0.5963172316551208
3,125,14353,5204,0.040745463222265244,0.5918453931808472
4,125,14353,5204,0.023096060380339622,0.6329678297042847
5,125,14353,5204,0.024232111871242523,0.6563099026679993
6,125,14353,5204,0.026278533041477203,0.7143886685371399
7,125,14353,5204,0.03318322077393532,0.7709233164787292
8,125,14353,5204,0.04297839477658272,0.7646114230155945
9,125,14353,5204,0.0464058518409729,0.8060130476951599
10,125,14353,5204,0.05986177921295166,0.6949939131736755
11,125,14353,5204,0.13522469997406006,0.7084124088287354
0,126,14353,5322,0.011681213974952698,0.8176476359367371
1,126,14353,5322,0.016804173588752747,0.5208485722541809
2,126,14353,5322,0.025551127269864082,0.5855100750923157
3,126,14353,5322,0.04115108773112297,0.5833253264427185
4,126,14353,5322,0.02336827851831913,0.6287800073623657
5,126,14353,5322,0.024623403325676918,0.6527626514434814
6,126,14353,5322,0.026515834033489227,0.7118058800697327
7,126,14353,5322,0.03319558873772621,0.7686828970909119
8,126,14353,5322,0.04274744912981987,0.7620363831520081
9,126,14353,5322,0.046936240047216415,0.8018423914909363
10,126,14353,5322,0.05987143516540527,0.6932802200317383
11,126,14353,5322,0.1357470005750656,0.7108888626098633
0,127,14353,5247,0.011652802117168903,0.8170235753059387
1,127,14353,5247,0.01676272414624691,0.5168464779853821
2,127,14353,5247,0.025574060156941414,0.5826999545097351
3,127,14353,5247,0.041087355464696884,0.5787057280540466
4,127,14353,5247,0.02337045967578888,0.6275749802589417
5,127,14353,5247,0.024446824565529823,0.6533363461494446
6,127,14353,5247,0.026476433500647545,0.7100954651832581
7,127,14353,5247,0.033372245728969574,0.7680599093437195
8,127,14353,5247,0.043444741517305374,0.7635412216186523
9,127,14353,5247,0.04722662642598152,0.8023977279663086
10,127,14353,5247,0.06016378104686737,0.6902629733085632
11,127,14353,5247,0.13684387505054474,0.7084104418754578
0,128,14353,5334,0.011547277681529522,0.816340446472168
1,128,14353,5334,0.016629565507173538,0.5254054069519043
2,128,14353,5334,0.02541467547416687,0.5874385237693787
3,128,14353,5334,0.040866367518901825,0.5860008597373962
4,128,14353,5334,0.02341192029416561,0.6278912425041199
5,128,14353,5334,0.02453969605267048,0.6520810723304749
6,128,14353,5334,0.02652391605079174,0.7112071514129639
7,128,14353,5334,0.03342300280928612,0.7674762606620789
8,128,14353,5334,0.04352545738220215,0.7611608505249023
9,128,14353,5334,0.047048475593328476,0.8030194640159607
10,128,14353,5334,0.06017874553799629,0.6912228465080261
11,128,14353,5334,0.13422271609306335,0.7017638087272644
0,129,14353,5243,0.011559880338609219,0.8166949152946472
1,129,14353,5243,0.01648864336311817,0.5228720307350159
2,129,14353,5243,0.02520022727549076,0.5872306823730469
3,129,14353,5243,0.040743809193372726,0.5824939012527466
4,129,14353,5243,0.02317611314356327,0.6302632689476013
5,129,14353,5243,0.024344848468899727,0.6523951888084412
6,129,14353,5243,0.02625248022377491,0.7106168866157532
7,129,14353,5243,0.03329510614275932,0.766711413860321
8,129,14353,5243,0.043332915753126144,0.7617630362510681
9,129,14353,5243,0.046740997582674026,0.8048722147941589
10,129,14353,5243,0.06010625883936882,0.6908698081970215
11,129,14353,5243,0.13282257318496704,0.6950278282165527
0,130,14353,5291,0.011363322846591473,0.8212625980377197
1,130,14353,5291,0.01629217527806759,0.5411331057548523
2,130,14353,5291,0.024970343336462975,0.6020556688308716
3,130,14353,5291,0.040302176028490067,0.5968713760375977
4,130,14353,5291,0.023043453693389893,0.6339213848114014
5,130,14353,5291,0.024234987795352936,0.6578269600868225
6,130,14353,5291,0.02622292935848236,0.7172408103942871
7,130,14353,5291,0.03302827849984169,0.7709083557128906
8,130,14353,5291,0.043148744851350784,0.7643764615058899
9,130,14353,5291,0.04670727252960205,0.8057352900505066
10,130,14353,5291,0.059444595128297806,0.6969661116600037
11,130,14353,5291,0.13603469729423523,0.6955092549324036
0,131,14353,5281,0.011760895140469074,0.8130540251731873
1,131,14353,5281,0.01689607836306095,0.5193111300468445
2,131,14353,5281,0.0256670992821455,0.5850425958633423
3,131,14353,5281,0.04120522737503052,0.5827598571777344
4,131,14353,5281,0.023540353402495384,0.6279324293136597
5,131,14353,5281,0.02460526116192341,0.6531198620796204
6,131,14353,5281,0.026549162343144417,0.7107264399528503
7,131,14353,5281,0.03337116912007332,0.7687684893608093
8,131,14353,5281,0.04316896200180054,0.762932538986206
9,131,14353,5281,0.04681878164410591,0.8031889796257019
10,131,14353,5281,0.05974395573139191,0.6918148398399353
11,131,14353,5281,0.13404156267642975,0.7095786929130554
0,132,14353,5316,0.011836552061140537,0.8142058253288269
1,132,14353,5316,0.016880622133612633,0.5132147669792175
2,132,14353,5316,0.025647839531302452,0.5811255574226379
3,132,14353,5316,0.04128152132034302,0.5774906277656555
4,132,14353,5316,0.023416364565491676,0.6257854104042053
5,132,14353,5316,0.02453390322625637,0.6514890193939209
6,132,14353,5316,0.02650303952395916,0.7088830471038818
7,132,14353,5316,0.03334450721740723,0.7672898173332214
8,132,14353,5316,0.043540000915527344,0.7598596215248108
9,132,14353,5316,0.04743250086903572,0.8013749122619629
10,132,14353,5316,0.060337137430906296,0.6906268000602722
11,132,14353,5316,0.1356416791677475,0.7066187262535095
0,133,14353,5290,0.011330771259963512,0.8195650577545166
1,133,14353,5290,0.016323059797286987,0.535736620426178
2,133,14353,5290,0.02514699101448059,0.5951068997383118
3,133,14353,5290,0.04058651998639107,0.5908510684967041
4,133,14353,5290,0.023063823580741882,0.6336723566055298
5,133,14353,5290,0.024259621277451515,0.6560950875282288
6,133,14353,5290,0.02612835355103016,0.7161884903907776
7,133,14353,5290,0.03315155208110809,0.7680948376655579
8,133,14353,5290,0.043117914348840714,0.7606372833251953
9,133,14353,5290,0.04678746685385704,0.802569568157196
10,133,14353,5290,0.060085684061050415,0.6928097605705261
11,133,14353,5290,0.13532637059688568,0.7038173079490662
0,134,14353,5298,0.012030010111629963,0.8089885115623474
1,134,14353,5298,0.017031757161021233,0.5112258195877075
2,134,14353,5298,0.025642341002821922,0.5818390250205994
3,134,14353,5298,0.04110339656472206,0.579977810382843
4,134,14353,5298,0.023411834612488747,0.6277177333831787
5,134,14353,5298,0.02450970746576786,0.6517909169197083
6,134,14353,5298,0.026429297402501106,0.7090027928352356
7,134,14353,5298,0.03314706310629845,0.7664220929145813
8,134,14353,5298,0.04346505180001259,0.758242130279541
9,134,14353,5298,0.0468529649078846,0.8034465909004211
10,134,14353,5298,0.059835001826286316,0.6909024119377136
11,134,14353,5298,0.13362883031368256,0.7115171551704407
0,135,14353,5285,0.011486489325761795,0.8189707398414612
1,135,14353,5285,0.016697818413376808,0.5255839228630066
2,135,14353,5285,0.025594642385840416,0.5894457697868347
3,135,14353,5285,0.04123412445187569,0.5855387449264526
4,135,14353,5285,0.023329267278313637,0.6303066611289978
5,135,14353,5285,0.02440734952688217,0.6541085839271545
6,135,14353,5285,0.02655208297073841,0.7094228863716125
7,135,14353,5285,0.03345542028546333,0.767561674118042
8,135,14353,5285,0.04323318228125572,0.7620291709899902
9,135,14353,5285,0.047015052288770676,0.8026814460754395
10,135,14353,5285,0.0600312240421772,0.6922140717506409
11,135,14353,5285,0.13577163219451904,0.7015989422798157
0,136,14353,5303,0.011687193997204304,0.8148224949836731
1,136,14353,5303,0.01675265282392502,0.5272592902183533
2,136,14353,5303,0.02554275095462799,0.5917287468910217
3,136,14353,5303,0.0410335473716259,0.5900198817253113
4,136,14353,5303,0.023446014150977135,0.6311013102531433
5,136,14353,5303,0.02449146844446659,0.6552074551582336
6,136,14353,5303,0.026384050026535988,0.715038001537323
7,136,14353,5303,0.03318065032362938,0.7702515125274658
8,136,14353,5303,0.043319571763277054,0.7626975178718567
9,136,14353,5303,0.046872854232788086,0.8034539222717285
10,136,14353,5303,0.05975322425365448,0.696303129196167
11,136,14353,5303,0.13345441222190857,0.7096831798553467
0,137,14353,5260,0.011785152368247509,0.8132091164588928
1,137,14353,5260,0.016804398968815804,0.5172379612922668
2,137,14353,5260,0.025643348693847656,0.5822222232818604
3,137,14353,5260,0.04114186391234398,0.5794923305511475
4,137,14353,5260,0.023218980059027672,0.630443274974823
5,137,14353,5260,0.02446035109460354,0.6528339982032776
6,137,14353,5260,0.026499764993786812,0.7116329669952393
7,137,14353,5260,0.03339569270610809,0.7706973552703857
8,137,14353,5260,0.0435335673391819,0.7631546854972839
9,137,14353,5260,0.04685546085238457,0.804629385471344
10,137,14353,5260,0.05969782546162605,0.692352831363678
11,137,14353,5260,0.13361148536205292,0.7060940861701965
0,138,14353,5340,0.011476120911538601,0.8176406025886536
1,138,14353,5340,0.01644127629697323,0.5272794961929321
2,138,14353,5340,0.02522333152592182,0.5908088088035583
3,138,14353,5340,0.04087575897574425,0.5865543484687805
4,138,14353,5340,0.02321317046880722,0.6323029398918152
5,138,14353,5340,0.02429257147014141,0.65611332654953
6,138,14353,5340,0.026378808543086052,0.7135857939720154
7,138,14353,5340,0.03334132954478264,0.7700602412223816
8,138,14353,5340,0.04329933226108551,0.7654556632041931
9,138,14353,5340,0.04683271422982216,0.804902970790863
10,138,14353,5340,0.06012817099690437,0.6920623779296875
11,138,14353,5340,0.13583077490329742,0.7017555236816406
0,139,14353,5226,0.011579498648643494,0.8169159889221191
1,139,14353,5226,0.016554823145270348,0.5257222056388855
2,139,14353,5226,0.025236094370484352,0.5900192260742188
3,139,14353,5226,0.04087916016578674,0.5840943455696106
4,139,14353,5226,0.023238295689225197,0.6295737624168396
5,139,14353,5226,0.02452690340578556,0.6525629758834839
6,139,14353,5226,0.026543578132987022,0.7072961926460266
7,139,14353,5226,0.03317558765411377,0.7663712501525879
8,139,14353,5226,0.04345966503024101,0.7602500319480896
9,139,14353,5226,0.047152113169431686,0.8015007972717285
10,139,14353,5226,0.06030198931694031,0.690296471118927
11,139,14353,5226,0.13678570091724396,0.7042592167854309
0,140,14353,5307,0.011941875331103802,0.8128433227539062
1,140,14353,5307,0.01709921658039093,0.5172262787818909
2,140,14353,5307,0.025709504261612892,0.5849278569221497
3,140,14353,5307,0.04127388074994087,0.5830291509628296
4,140,14353,5307,0.023370923474431038,0.6284272074699402
5,140,14353,5307,0.024473989382386208,0.6534165740013123
6,140,14353,5307,0.026547642424702644,0.7092525362968445
7,140,14353,5307,0.033303603529930115,0.7664766311645508
8,140,14353,5307,0.0431361198425293,0.7604970932006836
9,140,14353,5307,0.04691300168633461,0.8018233180046082
10,140,14353,5307,0.06016665697097778,0.6927736401557922
11,140,14353,5307,0.1346478909254074,0.7022037506103516
0,141,14353,5308,0.011650788597762585,0.8156499862670898
1,141,14353,5308,0.01676272414624691,0.5289607644081116
2,141,14353,5308,0.025570593774318695,0.5908872485160828
3,141,14353,5308,0.0408642441034317,0.5880139470100403
4,141,14353,5308,0.023277850821614265,0.6306857466697693
5,141,14353,5308,0.024544522166252136,0.6534353494644165
6,141,14353,5308,0.026430055499076843,0.7131163477897644
7,141,14353,5308,0.033246416598558426,0.7692216038703918
8,141,14353,5308,0.04332304373383522,0.7608179450035095
9,141,14353,5308,0.04691469669342041,0.804013192653656
10,141,14353,5308,0.06023343279957771,0.6928684115409851
11,141,14353,5308,0.13495181500911713,0.705766499042511
0,142,14353,5287,0.011751932092010975,0.8141830563545227
1,142,14353,5287,0.016823144629597664,0.5116313099861145
2,142,14353,5287,0.025584576651453972,0.5783565640449524
3,142,14353,5287,0.041049111634492874,0.5769616365432739
4,142,14353,5287,0.023330770432949066,0.6273079514503479
5,142,14353,5287,0.024478187784552574,0.6501954197883606
6,142,14353,5287,0.026452355086803436,0.7055642008781433
7,142,14353,5287,0.03321176394820213,0.7635132670402527
8,142,14353,5287,0.0431816428899765,0.7566443085670471
9,142,14353,5287,0.046828076243400574,0.8003084063529968
10,142,14353,5287,0.05975712835788727,0.6890283226966858
11,142,14353,5287,0.1338859647512436,0.7053017616271973
0,143,14353,5325,0.011633262038230896,0.8165431022644043
1,143,14353,5325,0.016670921817421913,0.5117316842079163
2,143,14353,5325,0.025408923625946045,0.579473614692688
3,143,14353,5325,0.040963124483823776,0.5750570297241211
4,143,14353,5325,0.023123212158679962,0.6296990513801575
5,143,14353,5325,0.024446571245789528,0.6511284708976746
6,143,14353,5325,0.026422997936606407,0.706850528717041
7,143,14353,5325,0.03326660767197609,0.7674749493598938
8,143,14353,5325,0.043202634900808334,0.7610390782356262
9,143,14353,5325,0.046828899532556534,0.8024700284004211
10,143,14353,5325,0.0601949580013752,0.6896838545799255
11,143,14353,5325,0.13354744017124176,0.7026155591011047
0,144,14353,5329,0.011512529104948044,0.8167607188224792
1,144,14353,5329,0.016491858288645744,0.5262684226036072
2,144,14353,5329,0.025366293266415596,0.5881701111793518
3,144,14353,5329,0.04083113744854927,0.5853860974311829
4,144,14353,5329,0.02324008010327816,0.63053297996521
5,144,14353,5329,0.024535076692700386,0.6521565914154053
6,144,14353,5329,0.026516443118453026,0.711628258228302
7,144,14353,5329,0.033369582146406174,0.768502414226532
8,144,14353,5329,0.043652426451444626,0.7615906596183777
9,144,14353,5329,0.04725155234336853,0.8023515343666077
10,144,14353,5329,0.06060890480875969,0.6913253664970398
11,144,14353,5329,0.1366216093301773,0.6998240351676941
0,145,14353,5276,0.011666379868984222,0.8187572956085205
1,145,14353,5276,0.01663207821547985,0.5215637683868408
2,145,14353,5276,0.025284001603722572,0.5885123014450073
3,145,14353,5276,0.04067111015319824,0.5852285027503967
4,145,14353,5276,0.023178601637482643,0.6287350058555603
5,145,14353,5276,0.024235481396317482,0.6549704074859619
6,145,14353,5276,0.02630164474248886,0.7120420932769775
7,145,14353,5276,0.033257294446229935,0.7688280940055847
8,145,14353,5276,0.043341029435396194,0.7619101405143738
9,145,14353,5276,0.046703189611434937,0.8011059761047363
10,145,14353,5276,0.06031869724392891,0.6905197501182556
11,145,14353,5276,0.1350914090871811,0.7012763023376465
0,146,14353,5359,0.011456030420958996,0.8174317479133606
1,146,14353,5359,0.016351230442523956,0.5304053425788879
2,146,14353,5359,0.025099454447627068,0.5914179086685181
3,146,14353,5359,0.040696125477552414,0.5866994261741638
4,146,14353,5359,0.023046845570206642,0.632047176361084
5,146,14353,5359,0.024149781093001366,0.656146764755249
6,146,14353,5359,0.02619795687496662,0.7099015116691589
7,146,14353,5359,0.03299285098910332,0.7674443125724792
8,146,14353,5359,0.043250132352113724,0.7607634663581848
9,146,14353,5359,0.04676511883735657,0.802097499370575
10,146,14353,5359,0.060103315860033035,0.6927118301391602
11,146,14353,5359,0.13646499812602997,0.7049286961555481
0,147,14353,5296,0.011303555220365524,0.8216934204101562
1,147,14353,5296,0.01641586795449257,0.5277759432792664
2,147,14353,5296,0.025194868445396423,0.5887991786003113
3,147,14353,5296,0.040711212903261185,0.5838437080383301
4,147,14353,5296,0.023244762793183327,0.6288682818412781
5,147,14353,5296,0.024299142882227898,0.651412308216095
6,147,14353,5296,0.026337893679738045,0.7084708213806152
7,147,14353,5296,0.03348510339856148,0.767768383026123
8,147,14353,5296,0.04301900044083595,0.7630214691162109
9,147,14353,5296,0.04691578075289726,0.8031052947044373
10,147,14353,5296,0.05950929597020149,0.6921916007995605
11,147,14353,5296,0.13249140977859497,0.6984782814979553
0,148,14353,5256,0.011626020073890686,0.8151863217353821
1,148,14353,5256,0.016643645241856575,0.5198130011558533
2,148,14353,5256,0.025546511635184288,0.5833806395530701
3,148,14353,5256,0.040949732065200806,0.5820415019989014
4,148,14353,5256,0.023277729749679565,0.6282415986061096
5,148,14353,5256,0.024380698800086975,0.6550805568695068
6,148,14353,5256,0.026285676285624504,0.7104650139808655
7,148,14353,5256,0.033354368060827255,0.7663648128509521
8,148,14353,5256,0.043564219027757645,0.7602424621582031
9,148,14353,5256,0.04704362154006958,0.8013343811035156
10,148,14353,5256,0.06024026498198509,0.689988374710083
11,148,14353,5256,0.1353142261505127,0.7017452716827393
0,149,14353,5298,0.01154345367103815,0.8173875212669373
1,149,14353,5298,0.01665675826370716,0.5265111327171326
2,149,14353,5298,0.02534913271665573,0.5916637778282166
3,149,14353,5298,0.04105648025870323,0.5869424939155579
4,149,14353,5298,0.023180434480309486,0.630795955657959
5,149,14353,5298,0.024245500564575195,0.6543132662773132
6,149,14353,5298,0.02629573456943035,0.7110111117362976
7,149,14353,5298,0.03311069682240486,0.7679855227470398
8,149,14353,5298,0.043117109686136246,0.7602999806404114
9,149,14353,5298,0.0467153899371624,0.8026484847068787
10,149,14353,5298,0.05998401716351509,0.6924586892127991
11,149,14353,5298,0.13582134246826172,0.7017850875854492
0,150,14353,5315,0.011870193295180798,0.8123849034309387
1,150,14353,5315,0.01693381369113922,0.5228543877601624
2,150,14353,5315,0.025589972734451294,0.5903468132019043
3,150,14353,5315,0.04109761491417885,0.5876558423042297
4,150,14353,5315,0.023323291912674904,0.6303216814994812
5,150,14353,5315,0.024510852992534637,0.6539981365203857
6,150,14353,5315,0.026347024366259575,0.7145612835884094
7,150,14353,5315,0.03319505229592323,0.7686054110527039
8,150,14353,5315,0.04326777532696724,0.7633183002471924
9,150,14353,5315,0.04690052196383476,0.8028771281242371
10,150,14353,5315,0.06033269688487053,0.693058967590332
11,150,14353,5315,0.14270596206188202,0.7032472491264343
0,151,14353,5262,0.011570935137569904,0.817378044128418
1,151,14353,5262,0.016627080738544464,0.5247487425804138
2,151,14353,5262,0.02532145194709301,0.5882459282875061
3,151,14353,5262,0.04089891538023949,0.5849543213844299
4,151,14353,5262,0.02313956618309021,0.6318641304969788
5,151,14353,5262,0.02447597123682499,0.6549577713012695
6,151,14353,5262,0.026453951373696327,0.7116737365722656
7,151,14353,5262,0.033482760190963745,0.7676577568054199
8,151,14353,5262,0.04338148236274719,0.762065589427948
9,151,14353,5262,0.047108244150877,0.8039627075195312
10,151,14353,5262,0.06012357398867607,0.6934812664985657
11,151,14353,5262,0.1361529380083084,0.7045639157295227
0,152,14353,5256,0.011644496582448483,0.8160678744316101
1,152,14353,5256,0.01690332032740116,0.5148434042930603
2,152,14353,5256,0.025571487843990326,0.5850591063499451
3,152,14353,5256,0.041029106825590134,0.5833995342254639
4,152,14353,5256,0.023311875760555267,0.6289592385292053
5,152,14353,5256,0.02437089942395687,0.6534543633460999
6,152,14353,5256,0.026294156908988953,0.711136519908905
7,152,14353,5256,0.033169277012348175,0.767536461353302
8,152,14353,5256,0.04340122640132904,0.761019229888916
9,152,14353,5256,0.046771302819252014,0.8031476140022278
10,152,14353,5256,0.060081083327531815,0.6935456395149231
11,152,14353,5256,0.13657039403915405,0.6993155479431152
0,153,14353,5370,0.012130255810916424,0.8113440871238708
1,153,14353,5370,0.017400525510311127,0.5063878893852234
2,153,14353,5370,0.02609339915215969,0.5774891972541809
3,153,14353,5370,0.0416027270257473,0.5751298069953918
4,153,14353,5370,0.02354031801223755,0.6257479786872864
5,153,14353,5370,0.02465149573981762,0.6523012518882751
6,153,14353,5370,0.02645046077668667,0.7091042399406433
7,153,14353,5370,0.03322301805019379,0.7653672695159912
8,153,14353,5370,0.04351719096302986,0.7608427405357361
9,153,14353,5370,0.04735764488577843,0.8023965954780579
10,153,14353,5370,0.060225993394851685,0.6905462145805359
11,153,14353,5370,0.13442789018154144,0.6986247897148132
0,154,14353,5295,0.011297187767922878,0.8219248652458191
1,154,14353,5295,0.01643434725701809,0.5259203314781189
2,154,14353,5295,0.025164371356368065,0.587662398815155
3,154,14353,5295,0.04067698493599892,0.5830163359642029
4,154,14353,5295,0.02320094406604767,0.629141092300415
5,154,14353,5295,0.02431326173245907,0.6547715663909912
6,154,14353,5295,0.026380496099591255,0.709531307220459
7,154,14353,5295,0.03315967321395874,0.7664595246315002
8,154,14353,5295,0.0434541292488575,0.7617597579956055
9,154,14353,5295,0.04691177234053612,0.8042745590209961
10,154,14353,5295,0.060287922620773315,0.6908373832702637
11,154,14353,5295,0.13398359715938568,0.6941649913787842
0,155,14353,5260,0.011596557684242725,0.816277801990509
1,155,14353,5260,0.016584506258368492,0.5293017029762268
2,155,14353,5260,0.025243187323212624,0.5931594967842102
3,155,14353,5260,0.04068829491734505,0.589411735534668
4,155,14353,5260,0.023271851241588593,0.6307750940322876
5,155,14353,5260,0.02443111129105091,0.6560382843017578
6,155,14353,5260,0.02649831771850586,0.7115187644958496
7,155,14353,5260,0.0332295298576355,0.7684360146522522
8,155,14353,5260,0.043313223868608475,0.7588710784912109
9,155,14353,5260,0.04678751900792122,0.8012338280677795
10,155,14353,5260,0.059754204005002975,0.6921369433403015
11,155,14353,5260,0.13554738461971283,0.7017549872398376
0,156,14353,5246,0.011147093027830124,0.8221791386604309
1,156,14353,5246,0.016158362850546837,0.5370630025863647
2,156,14353,5246,0.025085195899009705,0.5963196754455566
3,156,14353,5246,0.04072630777955055,0.591737687587738
4,156,14353,5246,0.02317257784307003,0.6318983435630798
5,156,14353,5246,0.024295128881931305,0.6545311808586121
6,156,14353,5246,0.026348667219281197,0.7124137878417969
7,156,14353,5246,0.03307193145155907,0.7683258652687073
8,156,14353,5246,0.04309700056910515,0.7610915303230286
9,156,14353,5246,0.04663591459393501,0.802495002746582
10,156,14353,5246,0.0596696138381958,0.6938574314117432
11,156,14353,5246,0.1367141455411911,0.7110894322395325
0,157,14353,5264,0.011443247087299824,0.8180229663848877
1,157,14353,5264,0.01667899824678898,0.532331109046936
2,157,14353,5264,0.025169596076011658,0.5962377190589905
3,157,14353,5264,0.04075346142053604,0.5907949805259705
4,157,14353,5264,0.023167036473751068,0.6331331133842468
5,157,14353,5264,0.024359410628676414,0.6565517783164978
6,157,14353,5264,0.02619340270757675,0.7145921587944031
7,157,14353,5264,0.033315081149339676,0.7681903839111328
8,157,14353,5264,0.04320967569947243,0.7621191143989563
9,157,14353,5264,0.046781715005636215,0.805450439453125
10,157,14353,5264,0.05976741388440132,0.6961222290992737
11,157,14353,5264,0.1378123015165329,0.709237813949585
0,158,14353,5260,0.01184021309018135,0.8125841021537781
1,158,14353,5260,0.01676263101398945,0.5321860313415527
2,158,14353,5260,0.02559325098991394,0.5953260660171509
3,158,14353,5260,0.040934909135103226,0.5940020084381104
4,158,14353,5260,0.02324914000928402,0.6317620277404785
5,158,14353,5260,0.02445383556187153,0.6554690003395081
6,158,14353,5260,0.02654477208852768,0.7148945927619934
7,158,14353,5260,0.033172111958265305,0.7683916091918945
8,158,14353,5260,0.04295702651143074,0.7630513310432434
9,158,14353,5260,0.04686744883656502,0.8042354583740234
10,158,14353,5260,0.05970466136932373,0.6958439946174622
11,158,14353,5260,0.1363806128501892,0.7077367901802063
0,159,14353,5326,0.011450298130512238,0.8186550140380859
1,159,14353,5326,0.016586877405643463,0.5303533673286438
2,159,14353,5326,0.025210222229361534,0.592885434627533
3,159,14353,5326,0.040713243186473846,0.588616669178009
4,159,14353,5326,0.02316775918006897,0.6304078698158264
5,159,14353,5326,0.02438153512775898,0.653688371181488
6,159,14353,5326,0.026554049924016,0.7127952575683594
7,159,14353,5326,0.03329341486096382,0.7699486613273621
8,159,14353,5326,0.04331260919570923,0.7623100280761719
9,159,14353,5326,0.04690076783299446,0.8039917945861816
10,159,14353,5326,0.06011466309428215,0.6919934153556824
11,159,14353,5326,0.1360490322113037,0.6931743621826172
0,160,14353,5310,0.011680527590215206,0.8167062401771545
1,160,14353,5310,0.016753392294049263,0.5259810090065002
2,160,14353,5310,0.025342553853988647,0.5912556648254395
3,160,14353,5310,0.04093189164996147,0.5859290957450867
4,160,14353,5310,0.02325221337378025,0.6299412846565247
5,160,14353,5310,0.024266527965664864,0.6552438139915466
6,160,14353,5310,0.026462489739060402,0.7109549045562744
7,160,14353,5310,0.03317451849579811,0.7697305083274841
8,160,14353,5310,0.04320883750915527,0.7627790570259094
9,160,14353,5310,0.04682152345776558,0.8032739162445068
10,160,14353,5310,0.06004023924469948,0.6927857398986816
11,160,14353,5310,0.13925392925739288,0.7040808796882629
0,161,14353,5326,0.011755702085793018,0.8152658343315125
1,161,14353,5326,0.016871042549610138,0.5232881903648376
2,161,14353,5326,0.02561788074672222,0.5880647301673889
3,161,14353,5326,0.040925636887550354,0.5846334099769592
4,161,14353,5326,0.023288315162062645,0.6305102705955505
5,161,14353,5326,0.02443595789372921,0.6542132496833801
6,161,14353,5326,0.026476027444005013,0.7124200463294983
7,161,14353,5326,0.033147845417261124,0.7702711224555969
8,161,14353,5326,0.04357936978340149,0.7643163800239563
9,161,14353,5326,0.04689055308699608,0.8048903942108154
10,161,14353,5326,0.05998201295733452,0.6946904063224792
11,161,14353,5326,0.13300281763076782,0.7014375329017639
0,162,14353,5268,0.011722923256456852,0.8155198097229004
1,162,14353,5268,0.01672440581023693,0.5234267711639404
2,162,14353,5268,0.025369694456458092,0.5887906551361084
3,162,14353,5268,0.04067741706967354,0.5881968140602112
4,162,14353,5268,0.02326226979494095,0.6305479407310486
5,162,14353,5268,0.024401871487498283,0.6553782820701599
6,162,14353,5268,0.026420796290040016,0.7126855850219727
7,162,14353,5268,0.03319805860519409,0.7688552737236023
8,162,14353,5268,0.04336179420351982,0.7605692744255066
9,162,14353,5268,0.04669322073459625,0.8035888075828552
10,162,14353,5268,0.05968533083796501,0.6938617825508118
11,162,14353,5268,0.13566939532756805,0.7106742858886719
0,163,14353,5270,0.011785599403083324,0.8141105771064758
1,163,14353,5270,0.016875961795449257,0.5181410312652588
2,163,14353,5270,0.025520576164126396,0.5818653106689453
3,163,14353,5270,0.040736887603998184,0.5819094777107239
4,163,14353,5270,0.023390965536236763,0.6267858147621155
5,163,14353,5270,0.02460797131061554,0.6508165001869202
6,163,14353,5270,0.026482922956347466,0.7088711857795715
7,163,14353,5270,0.03332572430372238,0.7654668688774109
8,163,14353,5270,0.04358289763331413,0.7578447461128235
9,163,14353,5270,0.04702068492770195,0.8005601763725281
10,163,14353,5270,0.059760067611932755,0.6902173161506653
11,163,14353,5270,0.1340458244085312,0.7052248120307922
0,164,14353,5330,0.011545654386281967,0.8170385360717773
1,164,14353,5330,0.016628248617053032,0.525176465511322
2,164,14353,5330,0.02544586919248104,0.5889070630073547
3,164,14353,5330,0.0410853736102581,0.5846722722053528
4,164,14353,5330,0.023331033065915108,0.6297447681427002
5,164,14353,5330,0.024420306086540222,0.6537279486656189
6,164,14353,5330,0.026455111801624298,0.7102286219596863
7,164,14353,5330,0.033331453800201416,0.7668926119804382
8,164,14353,5330,0.04347825050354004,0.7596633434295654
9,164,14353,5330,0.04717084765434265,0.8025215268135071
10,164,14353,5330,0.060083236545324326,0.6927457451820374
11,164,14353,5330,0.13554789125919342,0.7001232504844666
0,165,14353,5341,0.011607970111072063,0.8158146739006042
1,165,14353,5341,0.016659576445817947,0.5280542373657227
2,165,14353,5341,0.025406798347830772,0.5917264819145203
3,165,14353,5341,0.04099367931485176,0.5898709893226624
4,165,14353,5341,0.023099683225154877,0.6322206854820251
5,165,14353,5341,0.024451198056340218,0.6523624062538147
6,165,14353,5341,0.026455430313944817,0.7120596766471863
7,165,14353,5341,0.03304674103856087,0.7683372497558594
8,165,14353,5341,0.04322917386889458,0.7599120140075684
9,165,14353,5341,0.04707135632634163,0.8017504811286926
10,165,14353,5341,0.060099076479673386,0.6928377151489258
11,165,14353,5341,0.13710908591747284,0.7002676129341125
0,166,14353,5311,0.01141706109046936,0.8177332878112793
1,166,14353,5311,0.016585731878876686,0.5279619097709656
2,166,14353,5311,0.02535214088857174,0.5897737145423889
3,166,14353,5311,0.04098838195204735,0.5859895944595337
4,166,14353,5311,0.023202821612358093,0.6298986077308655
5,166,14353,5311,0.024416958913207054,0.6542441248893738
6,166,14353,5311,0.026361098513007164,0.7110145688056946
7,166,14353,5311,0.033083725720644,0.7681134343147278
8,166,14353,5311,0.04324284568428993,0.7606317400932312
9,166,14353,5311,0.04667944088578224,0.802884578704834
10,166,14353,5311,0.05981123447418213,0.6933436393737793
11,166,14353,5311,0.13427720963954926,0.7027285695075989
0,167,14353,5259,0.01104359608143568,0.8243697285652161
1,167,14353,5259,0.016278421506285667,0.5398931503295898
2,167,14353,5259,0.025115953758358955,0.5989596843719482
3,167,14353,5259,0.040523234754800797,0.5943317413330078
4,167,14353,5259,0.02319924533367157,0.6331444978713989
5,167,14353,5259,0.02443736232817173,0.6567501425743103
6,167,14353,5259,0.02636260725557804,0.7150523662567139
7,167,14353,5259,0.033142898231744766,0.7690315246582031
8,167,14353,5259,0.04341340437531471,0.7614943981170654
9,167,14353,5259,0.04648597165942192,0.8055248856544495
10,167,14353,5259,0.059379007667303085,0.6961677074432373
11,167,14353,5259,0.1342373937368393,0.7128558158874512
0,168,14353,5253,0.011601618491113186,0.8174135088920593
1,168,14353,5253,0.016900116577744484,0.5255034565925598
2,168,14353,5253,0.025564996525645256,0.5905126333236694
3,168,14353,5253,0.041036512702703476,0.5870435833930969
4,168,14353,5253,0.02332405559718609,0.6299683451652527
5,168,14353,5253,0.02442781813442707,0.6543310880661011
6,168,14353,5253,0.026425739750266075,0.7110109329223633
7,168,14353,5253,0.03325023874640465,0.7688760161399841
8,168,14353,5253,0.043258439749479294,0.7636184692382812
9,168,14353,5253,0.04723629727959633,0.8035227656364441
10,168,14353,5253,0.060067564249038696,0.6945644021034241
11,168,14353,5253,0.13544823229312897,0.7010686993598938
0,169,14353,5327,0.011661996133625507,0.8174300193786621
1,169,14353,5327,0.016774265095591545,0.526850163936615
2,169,14353,5327,0.025405699387192726,0.5909269452095032
3,169,14353,5327,0.040874700993299484,0.5872661471366882
4,169,14353,5327,0.023226723074913025,0.6308113932609558
5,169,14353,5327,0.02441052906215191,0.6544530987739563
6,169,14353,5327,0.026449820026755333,0.7125554084777832
7,169,14353,5327,0.03326652944087982,0.7684399485588074
8,169,14353,5327,0.04334795102477074,0.7621526718139648
9,169,14353,5327,0.046974387019872665,0.8028294444084167
10,169,14353,5327,0.06006179749965668,0.6936318278312683
11,169,14353,5327,0.1354818344116211,0.7056674361228943
0,170,14353,5235,0.01126156747341156,0.8231006264686584
1,170,14353,5235,0.016310157254338264,0.5319554805755615
2,170,14353,5235,0.0250637736171484,0.591427743434906
3,170,14353,5235,0.040342334657907486,0.5878589749336243
4,170,14353,5235,0.023000070825219154,0.6309216022491455
5,170,14353,5235,0.02421754039824009,0.6567213535308838
6,170,14353,5235,0.026396935805678368,0.7117886543273926
7,170,14353,5235,0.03313279524445534,0.7685796618461609
8,170,14353,5235,0.04340459033846855,0.7631869316101074
9,170,14353,5235,0.046926915645599365,0.8034003376960754
10,170,14353,5235,0.06000837683677673,0.6938068270683289
11,170,14353,5235,0.1323115974664688,0.703428328037262
0,171,14353,5191,0.01144988089799881,0.8188164830207825
1,171,14353,5191,0.0165798831731081,0.5258246064186096
2,171,14353,5191,0.0253163930028677,0.5891391634941101
3,171,14353,5191,0.04070814698934555,0.583805501461029
4,171,14353,5191,0.023175358772277832,0.6314634680747986
5,171,14353,5191,0.024280639365315437,0.6528387665748596
6,171,14353,5191,0.026402920484542847,0.7099854350090027
7,171,14353,5191,0.033030249178409576,0.7683361172676086
8,171,14353,5191,0.043251827359199524,0.7598907351493835
9,171,14353,5191,0.04668325185775757,0.802285373210907
10,171,14353,5191,0.0594792366027832,0.6921060681343079
11,171,14353,5191,0.13391193747520447,0.7113032341003418
0,172,14353,5228,0.012154638767242432,0.8091070055961609
1,172,14353,5228,0.01737287826836109,0.5075150728225708
2,172,14353,5228,0.025759248062968254,0.5784700512886047
3,172,14353,5228,0.04108700528740883,0.5767354369163513
4,172,14353,5228,0.023319805040955544,0.6277990937232971
5,172,14353,5228,0.02441042847931385,0.6515389084815979
6,172,14353,5228,0.026394056156277657,0.7080111503601074
7,172,14353,5228,0.03331388905644417,0.7669844031333923
8,172,14353,5228,0.04327842593193054,0.7595880031585693
9,172,14353,5228,0.04701215401291847,0.8023173213005066
10,172,14353,5228,0.06028984859585762,0.6888245940208435
11,172,14353,5228,0.14435410499572754,0.6985828876495361
0,173,14353,5271,0.01130021270364523,0.821314811706543
1,173,14353,5271,0.016401732340455055,0.5313578248023987
2,173,14353,5271,0.025290323421359062,0.5905806422233582
3,173,14353,5271,0.04106708988547325,0.5845335125923157
4,173,14353,5271,0.02320290543138981,0.6312797665596008
5,173,14353,5271,0.024409539997577667,0.6546728014945984
6,173,14353,5271,0.026511013507843018,0.7133046984672546
7,173,14353,5271,0.03323777765035629,0.7692319750785828
8,173,14353,5271,0.04310967028141022,0.7618454098701477
9,173,14353,5271,0.04692944884300232,0.8028129935264587
10,173,14353,5271,0.059865932911634445,0.693764865398407
11,173,14353,5271,0.13672371208667755,0.7100861668586731
0,174,14353,5271,0.011373884975910187,0.8190439343452454
1,174,14353,5271,0.016395948827266693,0.5329298973083496
2,174,14353,5271,0.025146642699837685,0.5934404730796814
3,174,14353,5271,0.040756259113550186,0.5890228748321533
4,174,14353,5271,0.02313915640115738,0.632313072681427
5,174,14353,5271,0.024249836802482605,0.6560942530632019
6,174,14353,5271,0.02632094919681549,0.7112555503845215
7,174,14353,5271,0.03314436227083206,0.7681083083152771
8,174,14353,5271,0.04288187995553017,0.7623608708381653
9,174,14353,5271,0.046906728297472,0.8037188649177551
10,174,14353,5271,0.05990651249885559,0.6932849884033203
11,174,14353,5271,0.13483776152133942,0.7084639668464661
0,175,14353,5313,0.011660081334412098,0.8149659037590027
1,175,14353,5313,0.01674707792699337,0.5224402546882629
2,175,14353,5313,0.025364065542817116,0.5876396298408508
3,175,14353,5313,0.04114561155438423,0.5840082168579102
4,175,14353,5313,0.023292094469070435,0.6303603053092957
5,175,14353,5313,0.024448970332741737,0.6549811363220215
6,175,14353,5313,0.02655383013188839,0.7109680771827698
7,175,14353,5313,0.033200766891241074,0.7674369215965271
8,175,14353,5313,0.04323961213231087,0.760784924030304
9,175,14353,5313,0.046932071447372437,0.8025949597358704
10,175,14353,5313,0.05995844304561615,0.6923844218254089
11,175,14353,5313,0.1364113837480545,0.705540657043457
0,176,14353,5320,0.011613748036324978,0.8159200549125671
1,176,14353,5320,0.01654425635933876,0.5273888111114502
2,176,14353,5320,0.025252602994441986,0.5888192653656006
3,176,14353,5320,0.04086621478199959,0.5841870903968811
4,176,14353,5320,0.02328399568796158,0.6298841238021851
5,176,14353,5320,0.024387581273913383,0.6545491814613342
6,176,14353,5320,0.02623073011636734,0.7127504348754883
7,176,14353,5320,0.033143725246191025,0.7677119374275208
8,176,14353,5320,0.0431966669857502,0.7619661688804626
9,176,14353,5320,0.04671555757522583,0.8051690459251404
10,176,14353,5320,0.060125064104795456,0.6919682621955872
11,176,14353,5320,0.1334155946969986,0.6970298886299133
0,177,14353,5259,0.01163934450596571,0.8183770775794983
1,177,14353,5259,0.0166176725178957,0.5230163931846619
2,177,14353,5259,0.02535691298544407,0.585845410823822
3,177,14353,5259,0.04099014028906822,0.5804142355918884
4,177,14353,5259,0.023380069062113762,0.6281262040138245
5,177,14353,5259,0.024403980001807213,0.6526784896850586
6,177,14353,5259,0.026296019554138184,0.7094410061836243
7,177,14353,5259,0.03313435986638069,0.7669681906700134
8,177,14353,5259,0.04321544989943504,0.7631351947784424
9,177,14353,5259,0.04688350856304169,0.8030152320861816
10,177,14353,5259,0.060269489884376526,0.6912744045257568
11,177,14353,5259,0.13608022034168243,0.6981169581413269
0,178,14353,5280,0.011744755320250988,0.8146159052848816
1,178,14353,5280,0.016718706116080284,0.5303783416748047
2,178,14353,5280,0.025353780016303062,0.5938723683357239
3,178,14353,5280,0.04077817127108574,0.5897594094276428
4,178,14353,5280,0.023171111941337585,0.6319229602813721
5,178,14353,5280,0.024285316467285156,0.6566171646118164
6,178,14353,5280,0.02626415528357029,0.7135527729988098
7,178,14353,5280,0.033104341477155685,0.7691043019294739
8,178,14353,5280,0.04314083233475685,0.7635560035705566
9,178,14353,5280,0.04661563038825989,0.8063094019889832
10,178,14353,5280,0.05986936017870903,0.695391833782196
11,178,14353,5280,0.13492506742477417,0.7085750699043274
0,179,14353,5393,0.011788949370384216,0.814185619354248
1,179,14353,5393,0.016811426728963852,0.5216326713562012
2,179,14353,5393,0.025536784902215004,0.5887215733528137
3,179,14353,5393,0.04118647798895836,0.5867741703987122
4,179,14353,5393,0.023344730958342552,0.6298373341560364
5,179,14353,5393,0.024547861889004707,0.6531370282173157
6,179,14353,5393,0.02654561959207058,0.7117056846618652
7,179,14353,5393,0.03328634425997734,0.7674452662467957
8,179,14353,5393,0.04354770481586456,0.7592551112174988
9,179,14353,5393,0.04712987318634987,0.7999570965766907
10,179,14353,5393,0.06051792576909065,0.6903257369995117
11,179,14353,5393,0.1374320387840271,0.703923225402832
0,180,14353,5271,0.011677861213684082,0.8159992098808289
1,180,14353,5271,0.016633091494441032,0.5204893946647644
2,180,14353,5271,0.025324659422039986,0.5853655338287354
3,180,14353,5271,0.04086342453956604,0.5813900232315063
4,180,14353,5271,0.023331010714173317,0.6294503808021545
5,180,14353,5271,0.024467401206493378,0.6546551585197449
6,180,14353,5271,0.026434317231178284,0.7118328213691711
7,180,14353,5271,0.03335055336356163,0.7691928744316101
8,180,14353,5271,0.04349188134074211,0.762437641620636
9,180,14353,5271,0.04679371789097786,0.8043332099914551
10,180,14353,5271,0.05994186922907829,0.692133903503418
11,180,14353,5271,0.1345493048429489,0.7011616230010986
0,181,14353,5255,0.011525043286383152,0.817436933517456
1,181,14353,5255,0.016701331362128258,0.5264764428138733
2,181,14353,5255,0.025663143023848534,0.5885451436042786
3,181,14353,5255,0.041073571890592575,0.5865273475646973
4,181,14353,5255,0.023409634828567505,0.6295512318611145
5,181,14353,5255,0.0245495792478323,0.6519017815589905
6,181,14353,5255,0.026649117469787598,0.7087000012397766
7,181,14353,5255,0.033330049365758896,0.7665582299232483
8,181,14353,5255,0.043386321514844894,0.7584488391876221
9,181,14353,5255,0.04711530730128288,0.8009423613548279
10,181,14353,5255,0.05991411209106445,0.690788745880127
11,181,14353,5255,0.13433998823165894,0.7030088901519775
0,182,14353,5263,0.011394659988582134,0.8196286559104919
1,182,14353,5263,0.016537809744477272,0.5261996388435364
2,182,14353,5263,0.025142448022961617,0.5899620056152344
3,182,14353,5263,0.04068870469927788,0.5838212966918945
4,182,14353,5263,0.023199349641799927,0.6296461224555969
5,182,14353,5263,0.02439560741186142,0.6541579365730286
6,182,14353,5263,0.026252510026097298,0.7102620005607605
7,182,14353,5263,0.03315175324678421,0.7667243480682373
8,182,14353,5263,0.04340691491961479,0.7620253562927246
9,182,14353,5263,0.04684855043888092,0.8016819357872009
10,182,14353,5263,0.059999991208314896,0.6904902458190918
11,182,14353,5263,0.13392958045005798,0.7117810845375061
0,183,14353,5326,0.011741671711206436,0.8155794739723206
1,183,14353,5326,0.01682751625776291,0.5176150798797607
2,183,14353,5326,0.025312328711152077,0.5873602032661438
3,183,14353,5326,0.04068274423480034,0.584966242313385
4,183,14353,5326,0.023017771542072296,0.6322535872459412
5,183,14353,5326,0.024264266714453697,0.656622588634491
6,183,14353,5326,0.026276474818587303,0.711694061756134
7,183,14353,5326,0.033116910606622696,0.7680637240409851
8,183,14353,5326,0.04306139424443245,0.7627556920051575
9,183,14353,5326,0.04674006998538971,0.806824266910553
10,183,14353,5326,0.06013988330960274,0.6941239833831787
11,183,14353,5326,0.13398706912994385,0.7020074725151062
0,184,14353,5259,0.01158326119184494,0.8179487586021423
1,184,14353,5259,0.016933778300881386,0.530241072177887
2,184,14353,5259,0.025287354364991188,0.5966892838478088
3,184,14353,5259,0.04075450822710991,0.5921903848648071
4,184,14353,5259,0.02307002805173397,0.6327154636383057
5,184,14353,5259,0.02427186258137226,0.6554741263389587
6,184,14353,5259,0.02623649500310421,0.7137866616249084
7,184,14353,5259,0.033006761223077774,0.7696782946586609
8,184,14353,5259,0.04293400049209595,0.7635766863822937
9,184,14353,5259,0.04652686044573784,0.8042049407958984
10,184,14353,5259,0.0595179945230484,0.6960043907165527
11,184,14353,5259,0.13675044476985931,0.6995002627372742
0,185,14353,5357,0.011747107841074467,0.8126527667045593
1,185,14353,5357,0.016761699691414833,0.5229599475860596
2,185,14353,5357,0.025519244372844696,0.5886693000793457
3,185,14353,5357,0.04095251113176346,0.5866897106170654
4,185,14353,5357,0.023268243297934532,0.629109799861908
5,185,14353,5357,0.024581709876656532,0.6529869437217712
6,185,14353,5357,0.02646598219871521,0.71099454164505
7,185,14353,5357,0.03319048136472702,0.7666351795196533
8,185,14353,5357,0.043633949011564255,0.7578040957450867
9,185,14353,5357,0.046935368329286575,0.8013389706611633
10,185,14353,5357,0.06004258990287781,0.6912139058113098
11,185,14353,5357,0.136524960398674,0.6976077556610107
0,186,14353,5247,0.011456653475761414,0.8181933760643005
1,186,14353,5247,0.01663827709853649,0.5267067551612854
2,186,14353,5247,0.025500589981675148,0.589194655418396
3,186,14353,5247,0.040883421897888184,0.5878888964653015
4,186,14353,5247,0.023235199972987175,0.6308140754699707
5,186,14353,5247,0.024365529417991638,0.655228853225708
6,186,14353,5247,0.026456987485289574,0.710372269153595
7,186,14353,5247,0.03321176394820213,0.7666705250740051
8,186,14353,5247,0.0432438962161541,0.7592208981513977
9,186,14353,5247,0.04691202566027641,0.8010393977165222
10,186,14353,5247,0.06003594398498535,0.6929819583892822
11,186,14353,5247,0.13818103075027466,0.7075257301330566
0,187,14353,5280,0.01195000484585762,0.8130548000335693
1,187,14353,5280,0.017157413065433502,0.511101484298706
2,187,14353,5280,0.02567315846681595,0.5827217698097229
3,187,14353,5280,0.04122542217373848,0.5806053280830383
4,187,14353,5280,0.023310290649533272,0.6280290484428406
5,187,14353,5280,0.024444542825222015,0.6533864140510559
6,187,14353,5280,0.026276206597685814,0.7104776501655579
7,187,14353,5280,0.03326602280139923,0.7669680714607239
8,187,14353,5280,0.043381478637456894,0.7611355781555176
9,187,14353,5280,0.046740736812353134,0.8045838475227356
10,187,14353,5280,0.059836167842149734,0.6916189789772034
11,187,14353,5280,0.1349356323480606,0.7107204794883728
0,188,14353,5236,0.012158860452473164,0.8099414706230164
1,188,14353,5236,0.01741032861173153,0.5071046352386475
2,188,14353,5236,0.025987403467297554,0.5784483551979065
3,188,14353,5236,0.04159316048026085,0.5786207318305969
4,188,14353,5236,0.023622965440154076,0.6257080435752869
5,188,14353,5236,0.024514228105545044,0.6508119702339172
6,188,14353,5236,0.026539215818047523,0.7098241448402405
7,188,14353,5236,0.03354604169726372,0.7674551010131836
8,188,14353,5236,0.043420325964689255,0.7597796320915222
9,188,14353,5236,0.04726657271385193,0.8008163571357727
10,188,14353,5236,0.060238298028707504,0.6901399493217468
11,188,14353,5236,0.137325718998909,0.7065128684043884
0,189,14353,5330,0.011564851738512516,0.8158869743347168
1,189,14353,5330,0.016546422615647316,0.5254376530647278
2,189,14353,5330,0.025289952754974365,0.5903189182281494
3,189,14353,5330,0.04087231680750847,0.5869243144989014
4,189,14353,5330,0.02318439446389675,0.6317688822746277
5,189,14353,5330,0.024478217586874962,0.6530886292457581
6,189,14353,5330,0.026329562067985535,0.7116958498954773
7,189,14353,5330,0.03313229978084564,0.7706313133239746
8,189,14353,5330,0.043273668736219406,0.7610912322998047
9,189,14353,5330,0.046646151691675186,0.8038221001625061
10,189,14353,5330,0.05963144823908806,0.6930351853370667
11,189,14353,5330,0.13357245922088623,0.7041151523590088
0,190,14353,5337,0.011809512972831726,0.8113260269165039
1,190,14353,5337,0.016935965046286583,0.5208621621131897
2,190,14353,5337,0.02564876712858677,0.5881289839744568
3,190,14353,5337,0.041174840182065964,0.5870893597602844
4,190,14353,5337,0.023255078122019768,0.6312006711959839
5,190,14353,5337,0.024408554658293724,0.6525964736938477
6,190,14353,5337,0.026329582557082176,0.7108713984489441
7,190,14353,5337,0.033277224749326706,0.7663823962211609
8,190,14353,5337,0.04341135919094086,0.7605562210083008
9,190,14353,5337,0.04693092033267021,0.8017281889915466
10,190,14353,5337,0.05982724204659462,0.693952739238739
11,190,14353,5337,0.1358925700187683,0.6996674537658691
0,191,14353,5300,0.01159637700766325,0.8172104358673096
1,191,14353,5300,0.016656048595905304,0.5337812304496765
2,191,14353,5300,0.025486476719379425,0.5942390561103821
3,191,14353,5300,0.04092327877879143,0.5894305109977722
4,191,14353,5300,0.023230314254760742,0.6323946714401245
5,191,14353,5300,0.024401409551501274,0.6549128293991089
6,191,14353,5300,0.02635050378739834,0.7130045294761658
7,191,14353,5300,0.03307083621621132,0.7680216431617737
8,191,14353,5300,0.04350726306438446,0.7628231048583984
9,191,14353,5300,0.046777915209531784,0.8032366633415222
10,191,14353,5300,0.05967484787106514,0.6947240233421326
11,191,14353,5300,0.13393963873386383,0.7027018070220947
0,192,14353,5308,0.01164915133267641,0.818706214427948
1,192,14353,5308,0.0169492419809103,0.5201252102851868
2,192,14353,5308,0.025643398985266685,0.5830256938934326
3,192,14353,5308,0.041124556213617325,0.57902991771698
4,192,14353,5308,0.023322084918618202,0.6280333399772644
5,192,14353,5308,0.024345656856894493,0.6529296040534973
6,192,14353,5308,0.026527414098381996,0.7080966830253601
7,192,14353,5308,0.033382732421159744,0.7672646641731262
8,192,14353,5308,0.04303308203816414,0.761934757232666
9,192,14353,5308,0.04717537388205528,0.8014119267463684
10,192,14353,5308,0.06023873761296272,0.6904178261756897
11,192,14353,5308,0.1408758908510208,0.7041389346122742
0,193,14353,5276,0.011537699960172176,0.8157272338867188
1,193,14353,5276,0.016704857349395752,0.5216899514198303
2,193,14353,5276,0.025501593947410583,0.5876815319061279
3,193,14353,5276,0.04097434878349304,0.5866860747337341
4,193,14353,5276,0.023327073082327843,0.6302030682563782
5,193,14353,5276,0.024429375305771828,0.6532213091850281
6,193,14353,5276,0.026350857689976692,0.7116212844848633
7,193,14353,5276,0.032997578382492065,0.7691070437431335
8,193,14353,5276,0.04302152991294861,0.7608004212379456
9,193,14353,5276,0.046627987176179886,0.8034241795539856
10,193,14353,5276,0.05976394936442375,0.6938433647155762
11,193,14353,5276,0.13520096242427826,0.7078871726989746
0,194,14353,5291,0.011784256435930729,0.8151105046272278
1,194,14353,5291,0.016959404572844505,0.5174155235290527
2,194,14353,5291,0.02569546364247799,0.5856843590736389
3,194,14353,5291,0.04128405079245567,0.5825676321983337
4,194,14353,5291,0.023441975936293602,0.6277750134468079
5,194,14353,5291,0.024576323106884956,0.6518747806549072
6,194,14353,5291,0.02641437202692032,0.7091554999351501
7,194,14353,5291,0.03336940333247185,0.7655835151672363
8,194,14353,5291,0.043374862521886826,0.7586782574653625
9,194,14353,5291,0.047074127942323685,0.8004983067512512
10,194,14353,5291,0.060146529227495193,0.6908333897590637
11,194,14353,5291,0.1367403119802475,0.6977548599243164
0,195,14353,5260,0.011722779832780361,0.8156559467315674
1,195,14353,5260,0.01680016703903675,0.5234372019767761
2,195,14353,5260,0.025450365617871284,0.5894431471824646
3,195,14353,5260,0.04104995355010033,0.5865190029144287
4,195,14353,5260,0.023274576291441917,0.6300802826881409
5,195,14353,5260,0.02446473203599453,0.654893159866333
6,195,14353,5260,0.026583582162857056,0.7127832770347595
7,195,14353,5260,0.03326551243662834,0.7680120468139648
8,195,14353,5260,0.04334936663508415,0.7602303624153137
9,195,14353,5260,0.04685773327946663,0.8035931587219238
10,195,14353,5260,0.060153182595968246,0.693943202495575
11,195,14353,5260,0.13576386868953705,0.7072629332542419
0,196,14353,5277,0.011543733067810535,0.8156786561012268
1,196,14353,5277,0.016537444666028023,0.5306181907653809
2,196,14353,5277,0.02533920295536518,0.590724527835846
3,196,14353,5277,0.04081844165921211,0.5868983268737793
4,196,14353,5277,0.02319560945034027,0.630915641784668
5,196,14353,5277,0.02435140311717987,0.652831494808197
6,196,14353,5277,0.02644597552716732,0.7091379165649414
7,196,14353,5277,0.03306524455547333,0.7672751545906067
8,196,14353,5277,0.043343301862478256,0.7605969905853271
9,196,14353,5277,0.046767234802246094,0.8020661473274231
10,196,14353,5277,0.060306698083877563,0.6913437247276306
11,196,14353,5277,0.13722477853298187,0.705660343170166
0,197,14353,5311,0.011620115488767624,0.8156576752662659
1,197,14353,5311,0.016734780743718147,0.5306360721588135
2,197,14353,5311,0.025548793375492096,0.5949150919914246
3,197,14353,5311,0.04107159376144409,0.5917286276817322
4,197,14353,5311,0.023179734125733376,0.6325564384460449
5,197,14353,5311,0.02437441051006317,0.6560631394386292
6,197,14353,5311,0.026300037279725075,0.7146349549293518
7,197,14353,5311,0.03302682936191559,0.768713653087616
8,197,14353,5311,0.043176356703042984,0.761735737323761
9,197,14353,5311,0.04661796614527702,0.8028882145881653
10,197,14353,5311,0.059656817466020584,0.6950294375419617
11,197,14353,5311,0.13757087290287018,0.704261064529419
0,198,14353,5270,0.011804592795670033,0.8143434524536133
1,198,14353,5270,0.01678496040403843,0.5225928425788879
2,198,14353,5270,0.025514841079711914,0.58927983045578
3,198,14353,5270,0.04110956937074661,0.5871825218200684
4,198,14353,5270,0.023339739069342613,0.6301903128623962
5,198,14353,5270,0.024371454492211342,0.6542792916297913
6,198,14353,5270,0.02653411217033863,0.7109184861183167
7,198,14353,5270,0.0333528108894825,0.7686775326728821
8,198,14353,5270,0.043383464217185974,0.7621546387672424
9,198,14353,5270,0.046910688281059265,0.8023431897163391
10,198,14353,5270,0.059691380709409714,0.6914780139923096
11,198,14353,5270,0.13579680025577545,0.7004397511482239
0,199,14353,5263,0.01148015633225441,0.8187289237976074
1,199,14353,5263,0.016585664823651314,0.5306776762008667
2,199,14353,5263,0.025342285633087158,0.5936855673789978
3,199,14353,5263,0.04098484292626381,0.5897131562232971
4,199,14353,5263,0.023289194330573082,0.6300012469291687
5,199,14353,5263,0.024434098973870277,0.6551973223686218
6,199,14353,5263,0.026354774832725525,0.7134111523628235
7,199,14353,5263,0.03310355171561241,0.7671308517456055
8,199,14353,5263,0.043260205537080765,0.7608287334442139
9,199,14353,5263,0.04697468504309654,0.8014823794364929
10,199,14353,5263,0.060154616832733154,0.6918784976005554
11,199,14353,5263,0.13844281435012817,0.7084965705871582
